time,время_rho_in,rho_in
0,662,860.491
0,4353,860.594
0,4993,860.699
0,5405,860.801
0,5695,860.903
0,6060,861.018
0,6380,861.119
0,6732,861.221
0,7128,861.324
0,7631,861.426
0,8164,861.541
0,8653,861.642
0,9248,861.747
0,9887,861.849
0,11410,861.954
0,12768,862.057
0,14568,862.162
0,15269,862.27
0,15773,862.375
0,16078,862.477
0,16518,862.586
0,17145,862.691
0,18195,862.799
0,18867,862.694
0,19889,862.591
0,20453,862.489
0,20956,862.378
0,21414,862.262
0,21718,862.16
0,21947,862.059
0,22145,861.957
0,22389,861.851
0,22755,861.749
0,25195,861.644
0,26140,861.538
0,27099,861.43
0,27389,861.449
0,27709,861.551
0,27969,861.663
0,28580,861.554
0,28760,861.452
0,28961,861.347
0,29297,861.242
0,29921,861.139
0,30608,861.037
0,31400,860.935
0,31903,860.833
0,32314,860.728
0,32649,860.626
0,33016,860.524
0,33429,860.419
0,33977,860.317
0,34815,860.214
0,36525,860.113
0,42364,860.214
0,44669,860.323
0,46468,860.425
0,48008,860.527
0,51729,860.635
0,52368,860.737
0,52856,860.84
0,53436,860.942
0,54290,861.043
0,55234,861.145
0,55979,861.247
0,56454,861.352
0,56819,861.455
0,57169,861.557
0,57552,861.662
0,57901,861.774
0,58207,861.876
0,58466,861.987
0,58803,862.095
0,59091,862.197
0,59442,862.309
0,59838,862.411
0,60220,862.514
0,60600,862.619
0,61013,862.724
0,61485,862.826
0,61973,862.927
0,62492,863.032
0,62964,863.134
0,63620,863.252
0,64169,863.354
0,64777,863.456
0,65450,863.561
0,66990,863.662
0,71639,863.56
0,72035,863.458
0,72326,863.34
0,72616,863.234
0,72860,863.126
0,73102,863.021
0,73317,862.912
0,73576,862.801
0,73804,862.692
0,74078,862.584
0,74322,862.476
0,74565,862.373
0,74825,862.255
0,75130,862.143
0,75389,862.039
0,75786,861.936
0,76244,861.825
0,76761,861.707
0,77187,861.604
0,77630,861.499
0,78134,861.394
0,78759,861.292
0,80207,861.423
0,80375,861.541
0,80541,861.646
0,81243,861.534
0,81487,861.432
0,81944,861.33
0,84629,861.228
0,86610,861.126
0,87497,861.015
0,88091,860.913
0,88686,860.805
0,89310,860.703
0,89936,860.597
0,90760,860.495
0,93611,860.54
0,98369,860.438
0,99833,860.543
0,100045,860.645
0,100229,860.76
0,100457,860.862
0,100777,860.964
0,102439,861.068
0,102836,861.17
0,102973,861.177
0,104817,861.065
0,105031,860.962
0,105214,860.861
0,105381,860.758
0,105655,860.657
0,105931,860.544
0,106236,860.442
0,106570,860.34
0,106967,860.235
0,107379,860.13
0,107790,860.025
0,108233,859.916
0,108874,859.814
0,109499,859.709
0,109560,859.578
0,109652,859.731
0,110291,859.626
0,111678,859.52
0,113725,859.625
0,114748,859.731
0,117126,859.628
0,118741,859.526
0,122768,859.628
0,123318,859.641
0,124399,859.746
0,125421,859.857
0,126365,859.959
0,127173,860.065
0,127737,860.17
0,128087,860.272
0,128453,860.386
0,128803,860.492
0,129064,860.594
0,129399,860.712
0,129780,860.814
0,130146,860.916
0,130512,861.024
0,130954,861.13
0,131426,861.232
0,131639,861.056
0,131671,860.948
0,131715,861.059
0,131761,861.196
0,131915,861.301
0,132265,861.404
0,132523,861.506
0,132797,861.608
0,133912,861.713
0,134402,861.815
0,134888,861.92
0,135255,862.022
0,135758,862.134
0,136442,862.243
0,136887,862.347
0,137328,862.45
0,137953,862.558
0,143305,862.555
0,144510,862.444
0,145471,862.335
0,147359,862.23
0,151858,862.125
0,153488,862.02
0,154799,861.915
0,155517,861.812
0,156353,861.711
0,157664,861.602
0,159038,861.5
0,162132,861.392
0,163611,861.286
0,164784,861.185
0,166247,861.082
0,167467,860.981
0,168473,860.878
0,170505,860.763
0,171951,860.875
0,173113,860.993
0,174500,861.101
0,175781,861.204
0,176909,861.306
0,178420,861.414
0,180736,861.523
0,186026,861.421
0,187871,861.532
0,187917,861.647
0,188116,861.542
0,188786,861.437
0,192369,861.334
0,193178,861.229
0,193774,861.124
0,194306,861.009
0,194643,860.9
0,195253,860.795
0,195665,860.683
0,196258,860.578
0,197020,860.476
0,198118,860.374
0,199461,860.265
0,200710,860.159
0,200862,859.993
0,200877,859.78
0,200893,859.633
0,200908,859.518
0,200924,859.385
0,200938,859.277
0,200985,859.427
0,201046,859.313
0,201076,859.17
0,201426,859.283
0,202343,859.401
0,204127,859.503
0,205346,859.605
0,207023,859.707
0,208715,859.809
0,212298,859.704
0,213122,859.822
0,214997,859.925
0,216676,860.03
0,218261,860.135
0,220424,860.254
0,220912,860.152
0,225735,860.253
0,235046,860.357
0,236433,860.459
0,237837,860.561
0,238964,860.666
0,240794,860.771
0,243812,860.873
0,246905,860.979
0,248689,861.081
0,249680,861.188
0,250504,861.293
0,251403,861.396
0,252515,861.501
0,254117,861.603
0,255609,861.705
0,257256,861.811
0,260442,861.915
0,262089,862.017
0,262531,862.039
0,263538,862.143
0,265032,862.246
0,269117,862.144
0,270520,862.036
0,271798,861.933
0,272866,861.831
0,274102,861.729
0,275580,861.627
0,276786,861.524
0,278706,861.419
0,280582,861.316
0,283920,861.211
0,284103,861.107
0,284331,860.985
0,284531,860.881
0,284730,860.781
0,303497,854.411
0,303526,858.287
0,303543,858.782
0,303559,859.221
0,303574,859.535
0,303590,859.815
0,303605,860.023
0,303619,860.201
0,303635,860.352
0,303651,860.456
0,303665,860.59
0,303680,860.717
0,303711,860.875
0,303726,860.976
0,303757,861.084
0,303788,861.189
0,303833,861.326
0,303879,861.431
0,303939,861.539
0,304031,861.647
0,304167,861.751
0,304380,861.854
0,304716,861.958
0,305249,862.061
0,305843,862.163
0,306501,862.276
0,307416,862.379
0,311992,862.274
0,317585,862.172
0,326486,862.065
0,328347,861.954
0,329399,861.849
0,330269,861.747
0,331244,861.645
0,332371,861.543
0,333927,861.441
0,336184,861.338
0,342082,861.236
0,343150,861.133
0,343896,861.022
0,344628,860.919
0,345420,860.817
0,346292,860.711
0,347388,860.598
0,348716,860.489
0,351202,860.386
0,354524,860.487
0,357177,860.596
0,362559,860.697
0,363352,860.802
0,364176,860.907
0,364755,861.008
0,368842,861.111
0,369969,861.213
0,371083,861.318
0,373795,861.42
0,381174,861.317
0,381982,861.209
0,383369,861.107
0,384681,861.241
0,384710,861.381
0,384741,861.585
0,384758,861.696
0,384773,861.841
0,384788,861.968
0,384803,862.137
0,384817,862.284
0,384834,862.424
0,384849,862.552
0,384879,862.705
0,384940,862.603
0,384954,862.501
0,384985,862.287
0,385000,862.163
0,385031,861.996
0,385062,861.838
0,385107,861.7
0,385322,861.825
0,385352,861.965
0,385382,862.125
0,385412,862.288
0,385443,862.447
0,385473,862.556
0,385765,862.659
0,385916,862.765
0,386069,862.884
0,386206,862.993
0,386374,863.099
0,386573,863.209
0,386786,863.318
0,387061,863.428
0,387793,863.547
0,388143,863.65
0,389746,863.75
0,389882,863.895
0,389928,864.016
0,390004,864.296
0,390187,864.003
0,390219,863.872
0,390249,863.754
0,390279,863.643
0,390356,863.527
0,390417,863.396
0,390462,863.268
0,390493,863.163
0,390523,863.058
0,390569,862.953
0,390645,862.848
0,390783,862.746
0,390950,862.636
0,391439,862.523
0,391621,862.421
0,391834,862.309
0,392398,862.208
0,394719,862.097
0,395313,861.985
0,395755,861.882
0,396182,861.765
0,396580,861.663
0,396917,861.557
0,397390,861.446
0,397709,861.343
0,398014,861.238
0,398455,861.129
0,398884,861.027
0,399569,860.922
0,400731,860.816
0,401691,860.711
0,402133,860.836
0,402211,860.972
0,402302,861.081
0,402729,861.196
0,406783,861.214
0,407180,861.083
0,407256,860.959
0,407347,860.854
0,407743,860.745
0,411191,860.85
0,421206,860.748
0,430236,860.646
0,435281,860.544
0,435830,860.439
0,436123,860.334
0,436412,860.231
0,436685,860.126
0,437036,860.021
0,437417,859.916
0,437981,859.814
0,439200,859.711
0,442478,859.609
0,442782,859.507
0,443213,859.399
0,443381,859.295
0,443639,859.4
0,443929,859.299
0,444981,859.403
0,445362,859.515
0,446291,859.413
0,447481,859.31
0,448428,859.208
0,448990,859.103
0,449417,858.995
0,450164,858.893
0,451689,858.994
0,451842,859.112
0,452024,859.218
0,452617,859.109
0,452818,859.004
0,453000,858.902
0,453396,858.8
0,453869,858.688
0,454219,858.586
0,454478,858.475
0,454675,858.372
0,454890,858.251
0,455073,858.14
0,455302,858.031
0,455622,857.92
0,456018,857.818
0,456338,857.706
0,456704,857.595
0,457576,857.483
0,458216,857.585
0,458429,857.69
0,458613,857.792
0,458812,857.894
0,459131,858.003
0,460426,858.104
0,460823,858.206
0,461434,858.308
0,461707,858.416
0,461859,858.557
0,462165,858.661
0,462410,858.764
0,462897,858.872
0,463491,858.974
0,463933,859.076
0,464298,859.178
0,464695,859.283
0,465229,859.385
0,466083,859.493
0,468294,859.595
0,469588,859.7
0,471250,859.812
0,471388,859.914
0,471510,860.016
0,471645,860.118
0,472167,860.003
0,472273,859.898
0,472426,859.796
0,472791,859.694
0,473402,859.591
0,473858,859.49
0,478264,859.473
0,481513,859.371
0,482244,859.266
0,482854,859.151
0,483417,859.051
0,485521,859.153
0,485948,859.255
0,486575,859.36
0,490220,859.255
0,494960,859.357
0,495570,859.462
0,496637,859.564
0,500769,859.706
0,500816,859.821
0,500862,859.927
0,500923,860.042
0,500968,860.154
0,501030,860.265
0,501090,860.393
0,501166,860.514
0,501258,860.635
0,501456,860.737
0,501638,860.635
0,501746,860.517
0,501837,860.408
0,501945,860.284
0,502068,860.176
0,502311,860.073
0,502478,860.175
0,502554,860.291
0,502616,860.405
0,502662,860.529
0,502707,860.67
0,502752,860.819
0,502783,860.921
0,502814,861.023
0,502844,861.132
0,502875,861.244
0,502905,861.345
0,502935,861.46
0,502981,861.604
0,503028,861.718
0,503073,861.821
0,503163,861.923
0,503286,861.811
0,503332,861.706
0,503378,861.566
0,503409,861.454
0,503439,861.339
0,503470,861.221
0,503501,861.103
0,503530,860.982
0,503562,860.854
0,503592,860.74
0,503622,860.612
0,503652,860.501
0,503682,860.398
0,503728,860.246
0,503774,860.118
0,503820,860.006
0,503865,859.892
0,503941,859.767
0,504034,859.649
0,504155,859.544
0,504399,859.433
0,505041,859.33
0,506215,859.433
0,507799,859.537
0,507922,859.664
0,508533,859.769
0,508640,859.88
0,508731,859.985
0,509296,860.086
0,511659,860.191
0,512666,860.299
0,513489,860.411
0,514313,860.522
0,514739,860.624
0,515351,860.726
0,516357,860.828
0,519603,860.936
0,519833,861.045
0,520153,861.147
0,525518,861.041
0,525776,860.936
0,526024,860.834
0,526314,860.719
0,526708,860.614
0,527851,860.719
0,528034,860.828
0,528188,860.93
0,528324,861.045
0,528477,861.147
0,528660,861.256
0,529361,861.153
0,529759,861.255
0,530003,861.36
0,530414,861.482
0,530842,861.428
0,531603,861.326
0,532181,861.217
0,532852,861.115
0,535824,861.218
0,536159,861.32
0,536388,861.425
0,536631,861.53
0,536953,861.639
0,538568,861.537
0,538920,861.425
0,539497,861.313
0,540304,861.198
0,540914,861.093
0,541371,860.984
0,542896,861.087
0,543155,861.189
0,544500,861.291
0,545109,861.396
0,545567,861.508
0,546038,861.613
0,546465,861.715
0,546817,861.83
0,547303,861.939
0,547716,862.051
0,548295,862.153
0,549148,862.254
0,550597,862.357
0,555597,862.251
0,556649,862.143
0,557426,862.04
0,558571,861.938
0,560080,862.04
0,560872,862.143
0,561299,862.245
0,564379,862.139
0,565476,862.034
0,565615,861.92
0,565720,861.818
0,565797,861.715
0,565889,861.594
0,565965,861.492
0,566072,861.38
0,566270,861.275
0,566529,861.387
0,566667,861.501
0,566773,861.61
0,566879,861.721
0,567016,861.83
0,567200,861.939
0,569289,861.836
0,571697,861.938
0,572398,862.044
0,573562,862.148
0,574292,862.047
0,574506,861.945
0,574703,861.836
0,574903,861.724
0,575131,861.622
0,575985,861.725
0,577525,861.623
0,577922,861.52
0,578119,861.415
0,578256,861.313
0,578379,861.199
0,578500,861.087
0,578636,860.969
0,578759,860.867
0,578895,860.765
0,579048,860.651
0,579262,860.548
0,579521,860.433
0,579856,860.312
0,580270,860.21
0,581047,860.272
0,581657,860.378
0,582844,860.266
0,585009,860.377
0,585163,860.489
0,585301,860.591
0,585436,860.693
0,585559,860.795
0,585742,860.907
0,586000,861.012
0,586427,861.114
0,587082,861.219
0,593164,861.107
0,593286,861.002
0,593377,860.897
0,593452,860.793
0,593545,860.683
0,593622,860.571
0,593713,860.444
0,593789,860.336
0,593880,860.218
0,593957,860.106
0,594063,859.995
0,594155,859.893
0,594276,859.79
0,594414,859.682
0,594567,859.58
0,594733,859.478
0,594963,859.376
0,595177,859.268
0,595451,859.159
0,595846,859.054
0,596548,858.952
0,597845,858.85
0,600360,858.739
0,600802,858.637
0,602819,858.748
0,603108,858.86
0,603260,858.971
0,603383,859.073
0,603489,859.179
0,603580,859.29
0,603687,859.405
0,603777,859.507
0,603886,859.615
0,604006,859.724
0,604159,859.835
0,604402,859.937
0,605104,860.039
0,606400,860.141
0,606920,860.039
0,607056,859.928
0,607147,859.813
0,607224,859.704
0,607284,859.599
0,607361,859.484
0,607436,859.367
0,607528,859.262
0,607893,859.379
0,607955,859.51
0,608017,859.641
0,608063,859.752
0,608109,859.867
0,608153,859.991
0,608199,860.097
0,608245,860.218
0,608291,860.332
0,608352,860.46
0,608397,860.563
0,608459,860.677
0,608520,860.788
0,608596,860.897
0,608687,861.025
0,608808,861.13
0,608962,861.245
0,609205,861.356
0,609556,861.458
0,610577,861.353
0,611766,861.25
0,613246,861.362
0,614496,861.26
0,616128,861.158
0,616555,861.056
0,619252,860.953
0,620686,860.851
0,622086,860.746
0,623200,860.579
0,623216,860.423
0,623231,860.276
0,627819,860.381
0,628305,860.483
0,629586,860.585
0,630795,860.48
0,631085,860.375
0,631314,860.263
0,631511,860.148
0,631680,860.04
0,631831,859.934
0,631999,859.833
0,632166,859.731
0,632274,859.619
0,632381,859.514
0,632473,859.402
0,632563,859.3
0,632641,859.188
0,632733,859.067
0,632822,858.949
0,632884,858.845
0,632976,858.736
0,633051,858.634
0,633190,858.513
0,633432,858.41
0,633753,858.516
0,633890,858.643
0,633999,858.758
0,634089,858.863
0,634165,858.968
0,634242,859.07
0,634333,859.201
0,634408,859.313
0,634485,859.431
0,634561,859.536
0,634636,859.641
0,634728,859.755
0,634819,859.861
0,634912,859.963
0,635019,860.071
0,635126,860.177
0,635232,860.279
0,635416,860.38
0,635660,860.489
0,636070,860.591
0,637962,860.696
0,640156,860.594
0,640399,860.492
0,640659,860.38
0,641040,860.278
0,642535,860.17
0,644839,860.02
0,644855,860.125
0,646852,860.02
0,647797,859.918
0,648896,859.816
0,649492,859.714
0,649812,859.602
0,650086,859.484
0,650438,859.382
0,650970,859.27
0,652663,859.162
0,653928,859.061
0,660426,859.163
0,662073,859.058
0,662836,858.956
0,663810,858.851
0,671295,858.953
0,672406,859.065
0,681251,859.167
0,681754,859.269
0,682486,859.378
0,683493,859.48
0,684985,859.582
0,686664,859.48
0,686953,859.375
0,687213,859.27
0,687472,859.158
0,687730,859.056
0,688023,858.948
0,688253,858.839
0,688434,858.734
0,688601,858.626
0,688723,858.521
0,688844,858.409
0,688936,858.304
0,689028,858.202
0,689120,858.078
0,689211,857.963
0,689302,857.861
0,689378,857.759
0,689471,857.654
0,689578,857.552
0,689700,857.45
0,689898,857.339
0,690370,857.441
0,690523,857.546
0,690644,857.651
0,690767,857.772
0,690858,857.874
0,690964,857.995
0,691056,858.107
0,691131,858.209
0,691223,858.33
0,691330,858.457
0,691438,858.578
0,691528,858.69
0,691650,858.804
0,691771,858.916
0,691894,859.027
0,692034,859.13
0,692200,859.232
0,692353,859.334
0,692550,859.455
0,692734,859.557
0,692915,859.672
0,693113,859.789
0,693328,859.901
0,693557,860.01
0,693800,860.112
0,694135,860.22
0,694579,860.322
0,695768,860.427
0,705812,860.326
0,707704,860.223
0,709303,861.09
0,709334,862.985
0,709349,861.336
0,709364,860.673
0,709379,860.434
0,709411,860.306
0,709516,860.201
0,711971,860.306
0,715324,860.411
0,717977,860.513
0,720981,860.618
0,721560,860.72
0,722779,860.822
0,724090,860.924
0,729457,861.029
0,732278,860.927
0,733298,860.825
0,733710,860.716
0,733940,860.614
0,734121,860.509
0,734259,860.401
0,734396,860.299
0,734547,860.194
0,734655,860.092
0,734810,859.983
0,734946,859.881
0,735114,859.776
0,735387,859.674
0,736030,859.776
0,736226,859.894
0,736394,859.996
0,736563,860.098
0,736730,860.2
0,736927,860.302
0,737142,860.414
0,737371,860.519
0,737674,860.621
0,738115,860.723
0,738925,860.825
0,740556,860.742
0,744018,860.637
0,744566,860.535
0,745054,860.439
0,745606,860.328
0,746383,860.223
0,747388,860.121
0,749080,860.223
0,752343,860.121
0,754630,860.236
0,755014,860.336
0,758977,860.234
0,763778,860.148
0,767575,860.048
0,768840,859.946
0,770365,859.844
0,771172,859.735
0,771965,859.634
0,773612,859.532
0,787305,859.639
0,788251,859.752
0,790004,859.853
0,792276,859.953
0,794075,860.058
0,794822,859.949
0,794837,860.083
0,796712,860.186
0,798755,860.29
0,801242,860.392
0,803057,860.503
0,804827,860.608
0,807269,860.716
0,808274,860.818
0,809630,860.923
0,810913,861.028
0,812132,861.136
0,813153,861.031
0,813291,860.923
0,813411,860.814
0,813519,860.706
0,813611,860.597
0,813702,860.492
0,813792,860.383
0,813899,860.265
0,814007,860.16
0,814129,860.049
0,814266,859.943
0,814480,859.835
0,815226,859.94
0,815379,860.048
0,815517,860.163
0,815654,860.268
0,815790,860.38
0,815913,860.482
0,816066,860.603
0,816232,860.708
0,816385,860.82
0,816583,860.925
0,816890,861.03
0,818185,860.925
0,818658,860.823
0,819238,860.721
0,819725,860.612
0,820594,860.507
0,821617,860.402
0,822318,860.3
0,822989,860.195
0,824467,860.093
0,825122,860.201
0,826297,860.095
0,826634,859.987
0,826953,859.882
0,827287,859.773
0,827776,859.671
0,828859,859.569
0,830657,859.463
0,831830,859.361
0,832685,859.255
0,833312,859.144
0,833784,859.038
0,834408,858.936
0,841728,859.062
0,841742,858.861
0,844639,858.759
0,844974,858.654
0,845386,858.552
0,851820,858.45
0,852354,858.335
0,853405,858.233
0,855372,858.131
0,856638,858.029
0,858802,857.924
0,862752,858.033
0,864140,858.138
0,864568,858.243
0,864872,858.349
0,865177,858.46
0,865422,858.568
0,865710,858.674
0,866000,858.782
0,866365,858.884
0,866793,858.989
0,867479,859.091
0,868729,859.193
0,870193,859.299
0,872982,859.406
0,877438,859.52
0,879417,859.622
0,880347,859.734
0,880608,859.842
0,880775,859.96
0,880912,860.071
0,881049,860.186
0,881247,860.298
0,881689,860.193
0,881933,860.084
0,882498,859.979
0,882589,859.877
0,882772,859.776
0,883111,859.67
0,887576,859.771
0,889497,859.658
0,889670,859.802
0,889684,859.948
0,889700,860.165
0,889715,860.535
0,889730,860.847
0,889745,861.096
0,889761,861.3
0,889776,861.45
0,889790,861.632
0,889806,861.747
0,889867,861.635
0,889899,861.884
0,889914,862.021
0,889945,861.798
0,889959,861.591
0,889974,861.457
0,889991,861.313
0,890005,861.173
0,890036,861.052
0,890112,861.304
0,890127,861.409
0,890173,861.291
0,890205,861.179
0,890220,861.077
0,890249,860.889
0,890281,860.758
0,890310,860.64
0,890340,860.506
0,890387,860.389
0,890448,860.261
0,890525,860.159
0,890616,860.054
0,890799,859.948
0,891027,859.843
0,891440,859.734
0,892414,859.632
0,893268,859.6
0,893988,859.702
0,894519,859.814
0,894915,859.919
0,895237,860.027
0,895740,860.139
0,896487,860.247
0,898743,860.414
0,898775,860.547
0,898793,860.547
0,898889,860.933
0,898912,861.068
0,898957,861.175
0,899170,861.287
0,899323,861.408
0,899384,861.51
0,899460,861.616
0,899566,861.504
0,899627,861.685
0,899642,861.871
0,899673,862.018
0,899917,861.89
0,900056,861.788
0,900116,861.682
0,900178,861.57
0,900254,861.462
0,900344,861.347
0,900407,861.236
0,900483,861.134
0,900590,861.009
0,900666,860.904
0,900773,860.799
0,901001,860.696
0,901612,860.582
0,902451,860.476
0,903792,860.371
0,904540,860.266
0,905533,860.374
0,906234,860.298
0,906675,860.189
0,909787,860.087
0,911358,859.975
0,913156,859.87
0,923666,859.975
0,924430,860.08
0,925497,860.182
0,926854,860.283
0,927907,860.385
0,929188,860.486
0,933213,860.59
0,936643,860.691
0,947578,860.806
0,947608,860.95
0,947670,861.071
0,947685,861.173
0,947700,861.336
0,947716,861.482
0,947746,861.62
0,947792,861.805
0,947851,861.92
0,947884,862.051
0,947898,862.232
0,947914,862.395
0,947929,862.503
0,947960,862.612
0,948036,862.491
0,948066,862.373
0,948096,862.245
0,948143,862.14
0,948402,862.035
0,948539,861.92
0,948631,861.805
0,948706,861.691
0,948767,861.575
0,948889,861.445
0,949012,861.343
0,949315,861.234
0,949714,861.123
0,950902,861.021
0,951375,860.912
0,951909,860.81
0,953951,860.912
0,955448,861.027
0,961927,861.137
0,961942,861.468
0,961957,861.812
0,961973,861.953
0,961987,862.061
0,962110,861.939
0,962156,861.808
0,962215,861.7
0,962277,861.578
0,962323,861.444
0,962444,861.342
0,962504,861.221
0,962703,861.103
0,963100,861.001
0,964897,860.895
0,966347,860.793
0,970388,860.687
0,972386,860.585
0,972522,860.463
0,972660,860.568
0,972797,860.672
0,974857,860.805
0,974886,860.952
0,974917,861.114
0,974932,861.223
0,974962,861.369
0,975008,861.481
0,975101,861.369
0,975161,861.245
0,975237,861.14
0,975314,861.038
0,975435,860.93
0,975588,860.815
0,976213,860.714
0,978636,860.827
0,978910,860.715
0,979109,860.881
0,979156,861.035
0,979171,861.373
0,979186,862.096
0,979201,863.318
0,979231,864.381
0,979261,863.889
0,979276,863.548
0,979338,863.287
0,979353,862.917
0,979369,862.687
0,979383,862.537
0,979399,862.394
0,979414,862.289
0,979445,862.171
0,979553,862.289
0,979629,862.395
0,980025,862.526
0,980085,862.406
0,980100,862.3
0,980117,862.198
0,980147,862.032
0,980177,861.93
0,980208,861.812
0,980254,861.677
0,980284,861.544
0,980315,861.438
0,980346,861.307
0,980375,861.173
0,980421,861.032
0,980849,860.923
0,981352,861.031
0,981427,861.152
0,981534,861.261
0,981762,861.14
0,981870,861.035
0,981991,860.926
0,982160,860.821
0,982586,860.712
0,982951,860.832
0,982982,861.007
0,983042,861.17
0,983150,861.047
0,984171,860.928
0,984293,860.818
0,984736,860.936
0,984751,861.074
0,984767,861.223
0,984782,861.358
0,984797,861.466
0,984811,861.622
0,984827,861.788
0,984843,861.925
0,984903,862.106
0,984919,862.365
0,984934,862.805
0,984949,863.36
0,984964,863.748
0,984979,864.049
0,985055,864.075
0,985086,863.934
0,985117,863.762
0,985146,863.637
0,985178,863.427
0,985207,863.59
0,985223,863.915
0,985254,864.288
0,985299,863.874
0,985314,863.669
0,985330,863.478
0,985346,863.267
0,985361,863.104
0,985376,862.983
0,985391,862.852
0,985407,862.744
0,985422,862.629
0,985437,862.523
0,985467,862.39
0,985497,862.224
0,985528,862.091
0,985575,861.953
0,985619,861.829
0,985666,861.72
0,985742,861.618
0,985833,861.499
0,985910,861.394
0,986031,861.292
0,986138,861.19
0,986413,861.078
0,986733,860.967
0,987983,860.864
0,990056,860.979
0,990133,861.187
0,990148,861.317
0,990162,861.46
0,990179,861.591
0,990194,861.786
0,990208,861.907
0,990255,862.101
0,990270,862.22
0,990331,862.025
0,990349,861.92
0,990396,861.819
0,990518,861.713
0,990581,861.563
0,990656,861.445
0,990824,861.575
0,990855,861.696
0,990916,861.832
0,990946,861.948
0,990992,862.056
0,991053,862.199
0,991083,862.317
0,991159,862.454
0,991464,862.347
0,991494,862.212
0,991525,862.085
0,991586,861.98
0,991647,861.872
0,991846,861.742
0,991907,861.62
0,991969,861.518
0,992121,861.406
0,992350,861.284
0,992760,861.182
0,996315,861.286
0,1.00197e+06,861.182
0,1.00264e+06,861.077
0,1.00574e+06,860.976
0,1.00774e+06,860.874
0,1.00911e+06,860.772
0,1.01526e+06,860.877
0,1.01571e+06,860.979
0,1.0166e+06,861.081
0,1.01785e+06,861.183
0,1.0238e+06,861.294
0,1.02395e+06,861.415
0,1.02407e+06,861.517
0,1.02422e+06,861.622
0,1.02459e+06,861.511
0,1.02473e+06,861.396
0,1.02486e+06,861.29
0,1.02512e+06,861.188
0,1.02784e+06,861.291
0,1.03194e+06,861.393
0,1.03357e+06,861.498
0,1.03429e+06,861.607
0,1.03488e+06,861.711
0,1.03557e+06,861.813
0,1.03707e+06,861.711
0,1.03762e+06,861.609
0,1.03862e+06,861.507
0,1.03877e+06,861.405
0,1.03909e+06,861.297
0,1.03943e+06,861.408
0,1.03952e+06,861.51
0,1.03966e+06,861.618
0,1.0399e+06,861.73
0,1.04018e+06,861.842
0,1.04033e+06,861.953
0,1.0405e+06,862.059
0,1.04075e+06,862.16
0,1.04277e+06,862.049
0,1.04292e+06,861.947
0,1.04328e+06,861.845
0,1.04345e+06,861.73
0,1.04362e+06,861.628
0,1.04388e+06,861.519
0,1.04418e+06,861.411
0,1.04457e+06,861.299
0,1.04481e+06,861.197
0,1.04514e+06,861.092
0,1.04563e+06,860.986
0,1.04733e+06,860.881
0,1.04865e+06,860.773
0,1.04929e+06,860.667
0,1.04998e+06,860.782
0,1.05082e+06,860.67
0,1.05158e+06,860.568
0,1.0516e+06,860.434
0,1.05161e+06,860.195
0,1.05163e+06,860.013
0,1.05167e+06,860.131
0,1.05169e+06,860.313
0,1.0517e+06,860.539
0,1.05172e+06,860.695
0,1.05233e+06,860.592
0,1.05245e+06,860.74
0,1.0526e+06,860.631
0,1.05284e+06,860.497
0,1.05292e+06,860.388
0,1.05353e+06,860.27
0,1.05382e+06,860.372
0,1.05399e+06,860.48
0,1.05419e+06,860.582
0,1.05462e+06,860.684
0,1.05614e+06,860.576
0,1.05643e+06,860.473
0,1.0566e+06,860.362
0,1.05674e+06,860.25
0,1.05686e+06,860.142
0,1.05696e+06,860.033
0,1.05705e+06,859.928
0,1.05719e+06,859.826
0,1.05739e+06,859.708
0,1.0578e+06,859.6
0,1.05832e+06,859.714
0,1.06263e+06,859.844
0,1.06282e+06,859.946
0,1.06361e+06,860.058
0,1.06631e+06,860.164
0,1.06743e+06,860.276
0,1.06773e+06,860.409
0,1.06848e+06,860.511
0,1.06903e+06,860.619
0,1.06945e+06,860.722
0,1.07037e+06,860.833
0,1.07122e+06,860.935
0,1.07261e+06,861.037
0,1.07293e+06,861.139
0,1.07316e+06,861.244
0,1.07358e+06,861.346
0,1.07526e+06,861.454
0,1.07534e+06,861.703
0,1.07535e+06,862.022
0,1.07537e+06,862.444
0,1.07538e+06,862.81
0,1.0754e+06,863.085
0,1.07543e+06,863.2
0,1.07548e+06,862.958
0,1.07549e+06,862.419
0,1.07551e+06,862.002
0,1.07552e+06,861.766
0,1.07556e+06,861.954
0,1.07561e+06,861.709
0,1.07563e+06,861.601
0,1.07564e+06,861.49
0,1.07567e+06,861.684
0,1.07569e+06,862.262
0,1.0757e+06,863.053
0,1.07573e+06,865.931
0,1.07576e+06,868.466
0,1.07581e+06,868.607
0,1.07586e+06,868.99
0,1.07592e+06,868.426
0,1.07595e+06,867.668
0,1.07598e+06,867.122
0,1.07601e+06,866.521
0,1.07604e+06,865.915
0,1.07607e+06,865.394
0,1.0761e+06,865.049
0,1.07618e+06,864.721
0,1.07621e+06,864.388
0,1.07624e+06,864.133
0,1.07625e+06,864.021
0,1.07627e+06,863.916
0,1.0763e+06,863.724
0,1.07631e+06,863.606
0,1.07633e+06,863.497
0,1.07636e+06,863.268
0,1.07638e+06,863.152
0,1.07641e+06,862.965
0,1.07644e+06,862.836
0,1.07647e+06,862.646
0,1.0765e+06,862.543
0,1.07653e+06,862.413
0,1.07656e+06,862.288
0,1.0766e+06,862.161
0,1.07665e+06,862.031
0,1.07671e+06,861.919
0,1.07676e+06,861.798
0,1.07688e+06,861.698
0,1.07706e+06,861.595
0,1.07735e+06,861.484
0,1.07974e+06,861.375
0,1.08005e+06,861.27
0,1.08041e+06,861.152
0,1.08139e+06,861.05
0,1.08165e+06,861.165
0,1.08244e+06,861.056
0,1.08336e+06,860.944
0,1.08462e+06,861.047
0,1.08558e+06,860.944
0,1.08583e+06,860.83
0,1.08604e+06,860.728
0,1.0863e+06,860.616
0,1.08654e+06,860.508
0,1.08674e+06,860.396
0,1.08706e+06,860.278
0,1.08812e+06,860.387
0,1.08833e+06,860.495
0,1.0885e+06,860.607
0,1.08877e+06,860.728
0,1.0892e+06,860.829
0,1.09025e+06,860.706
0,1.09086e+06,860.604
0,1.09153e+06,860.498
0,1.09185e+06,860.39
0,1.092e+06,860.272
0,1.09213e+06,860.154
0,1.09223e+06,860.049
0,1.09235e+06,859.931
0,1.09249e+06,859.81
0,1.09263e+06,859.696
0,1.0928e+06,859.581
0,1.09295e+06,859.476
0,1.09315e+06,859.367
0,1.09335e+06,859.261
0,1.09356e+06,859.156
0,1.09377e+06,859.048
0,1.09405e+06,858.94
0,1.09444e+06,858.834
0,1.09528e+06,858.729
0,1.09543e+06,858.627
0,1.09559e+06,858.518
0,1.09572e+06,858.414
0,1.09592e+06,858.308
0,1.0962e+06,858.2
0,1.09656e+06,858.098
0,1.09691e+06,857.993
0,1.09723e+06,857.882
0,1.09757e+06,857.776
0,1.0979e+06,857.662
0,1.09832e+06,857.56
0,1.09879e+06,857.457
0,1.09961e+06,857.356
0,1.10028e+06,857.254
0,1.10103e+06,857.152
0,1.1015e+06,857.05
0,1.10205e+06,856.946
0,1.10252e+06,857.059
0,1.10275e+06,857.164
0,1.1029e+06,857.266
0,1.10304e+06,857.367
0,1.10318e+06,857.473
0,1.1033e+06,857.578
0,1.10344e+06,857.68
0,1.10357e+06,857.785
0,1.10373e+06,857.896
0,1.10386e+06,858.011
0,1.104e+06,858.116
0,1.10414e+06,858.234
0,1.10432e+06,858.358
0,1.10452e+06,858.46
0,1.10476e+06,858.581
0,1.10513e+06,858.696
0,1.10556e+06,858.807
0,1.10722e+06,858.91
0,1.108e+06,859.015
0,1.1091e+06,859.117
0,1.11042e+06,859.012
0,1.11068e+06,858.906
0,1.11396e+06,859.012
0,1.11495e+06,859.115
0,1.11535e+06,859.217
0,1.11574e+06,859.325
0,1.11629e+06,859.43
0,1.11689e+06,859.533
0,1.11802e+06,859.636
0,1.11914e+06,859.526
0,1.12101e+06,859.423
0,1.12218e+06,859.321
0,1.12306e+06,859.216
0,1.12425e+06,859.318
0,1.12444e+06,859.42
0,1.1246e+06,859.522
0,1.12489e+06,859.633
0,1.12556e+06,859.736
0,1.12651e+06,859.627
0,1.12671e+06,859.522
0,1.12686e+06,859.417
0,1.12706e+06,859.311
0,1.1273e+06,859.203
0,1.12799e+06,859.308
0,1.12829e+06,859.417
0,1.12896e+06,859.522
0,1.1302e+06,859.624
0,1.13052e+06,859.739
0,1.13078e+06,859.848
0,1.13125e+06,859.95
0,1.13454e+06,860.054
0,1.14192e+06,859.953
0,1.14887e+06,860.112
0,1.14898e+06,860.221
0,1.15008e+06,860.324
0,1.15143e+06,860.219
0,1.15285e+06,860.117
0,1.15332e+06,860.015
0,1.15377e+06,859.906
0,1.1545e+06,859.798
0,1.15688e+06,859.909
0,1.15718e+06,860.014
0,1.15868e+06,859.909
0,1.15925e+06,859.807
0,1.16046e+06,859.705
0,1.16355e+06,859.808
0,1.16856e+06,859.912
0,1.16927e+06,860.014
0,1.16982e+06,860.116
0,1.17057e+06,860.218
0,1.1733e+06,860.282
0,1.17443e+06,860.387
0,1.17685e+06,860.279
0,1.17882e+06,860.155
0,1.18176e+06,860.142
0,1.18325e+06,860.037
0,1.18618e+06,860.139
0,1.18693e+06,860.248
0,1.18754e+06,860.35
0,1.1878e+06,860.458
0,1.18806e+06,860.56
0,1.18886e+06,860.448
0,1.20193e+06,860.398
0,1.20414e+06,860.5
0,1.20468e+06,860.605
0,1.20533e+06,860.707
0,1.20726e+06,860.599
0,1.20781e+06,860.494
0,1.20844e+06,860.392
0,1.20898e+06,860.287
0,1.21089e+06,860.182
0,1.21214e+06,860.076
0,1.21373e+06,859.975
0,1.21461e+06,859.873
0,1.21533e+06,859.771
0,1.21607e+06,859.662
0,1.21729e+06,859.551
0,1.21893e+06,859.656
0,1.21908e+06,859.77
0,1.21929e+06,859.876
0,1.21961e+06,859.774
0,1.21976e+06,859.665
0,1.21996e+06,859.56
0,1.22052e+06,859.458
0,1.22471e+06,859.566
0,1.22509e+06,859.668
0,1.22538e+06,859.779
0,1.2257e+06,859.881
0,1.2262e+06,859.986
0,1.22789e+06,860.091
0,1.23013e+06,860.193
0,1.23378e+06,860.311
0,1.23962e+06,860.422
0,1.23978e+06,860.524
0,1.23995e+06,860.626
0,1.2402e+06,860.734
0,1.24061e+06,860.63
0,1.24079e+06,860.524
0,1.24102e+06,860.416
0,1.24132e+06,860.307
0,1.24233e+06,860.196
0,1.24264e+06,860.093
0,1.24282e+06,859.985
0,1.24299e+06,859.877
0,1.24317e+06,859.769
0,1.24358e+06,859.667
0,1.24418e+06,859.775
0,1.24465e+06,859.657
0,1.24474e+06,859.552
0,1.2448e+06,859.446
0,1.24486e+06,859.341
0,1.24492e+06,859.23
0,1.24498e+06,859.115
0,1.24504e+06,859
0,1.24511e+06,858.889
0,1.24517e+06,858.78
0,1.24524e+06,858.678
0,1.24533e+06,858.576
0,1.24547e+06,858.468
0,1.24684e+06,858.356
0,1.24968e+06,858.235
0,1.25235e+06,858.34
0,1.25296e+06,858.452
0,1.2564e+06,858.563
0,1.25675e+06,858.675
0,1.25715e+06,858.777
0,1.25778e+06,858.892
0,1.26105e+06,858.784
0,1.26156e+06,858.675
0,1.26189e+06,858.573
0,1.26223e+06,858.469
0,1.26271e+06,858.366
0,1.26349e+06,858.264
0,1.26396e+06,858.162
0,1.2641e+06,858.057
0,1.26444e+06,857.934
0,1.26448e+06,857.826
0,1.2652e+06,857.723
0,1.26624e+06,857.824
0,1.26639e+06,857.932
0,1.26669e+06,858.041
0,1.26704e+06,858.149
0,1.26729e+06,858.26
0,1.26753e+06,858.372
0,1.2677e+06,858.477
0,1.26782e+06,858.579
0,1.26803e+06,858.694
0,1.2684e+06,858.799
0,1.26909e+06,858.894
0,1.26954e+06,859.016
0,1.26991e+06,859.118
0,1.27038e+06,859.22
0,1.27201e+06,859.118
0,1.27242e+06,859.233
0,1.27264e+06,859.335
0,1.27306e+06,859.571
0,1.27331e+06,859.673
0,1.27352e+06,859.774
0,1.27374e+06,859.877
0,1.27402e+06,859.982
0,1.27438e+06,860.087
0,1.27491e+06,860.189
0,1.27963e+06,860.29
0,1.28053e+06,860.401
0,1.28372e+06,860.51
0,1.28544e+06,860.615
0,1.2928e+06,860.716
0,1.29527e+06,860.818
0,1.30114e+06,860.713
0,1.30738e+06,860.61
0,1.30756e+06,860.496
0,1.30767e+06,860.39
0,1.30776e+06,860.288
0,1.3079e+06,860.183
0,1.30811e+06,860.071
0,1.30851e+06,859.96
0,1.30867e+06,859.848
0,1.30884e+06,859.734
0,1.30906e+06,859.625
0,1.30933e+06,859.52
0,1.30965e+06,859.415
0,1.30996e+06,859.306
0,1.3102e+06,859.201
0,1.3104e+06,859.099
0,1.31055e+06,858.997
0,1.3107e+06,858.895
0,1.31086e+06,858.784
0,1.31099e+06,858.678
0,1.3111e+06,858.57
0,1.31119e+06,858.468
0,1.31133e+06,858.35
0,1.31146e+06,858.238
0,1.31159e+06,858.136
0,1.31172e+06,858.031
0,1.31186e+06,857.923
0,1.31203e+06,857.802
0,1.31218e+06,857.7
0,1.31233e+06,857.582
0,1.31246e+06,857.471
0,1.31259e+06,857.352
0,1.31272e+06,857.244
0,1.31284e+06,857.136
0,1.31297e+06,857.034
0,1.3131e+06,856.929
0,1.31326e+06,856.814
0,1.31343e+06,856.709
0,1.31361e+06,856.604
0,1.31381e+06,856.489
0,1.31402e+06,856.381
0,1.31425e+06,856.279
0,1.31444e+06,856.17
0,1.31511e+06,855.946
0,1.3156e+06,855.703
0,1.31634e+06,855.496
0,1.31773e+06,855.277
0,1.31901e+06,855.074
0,1.31925e+06,855.09
0,1.32172e+06,855.08
0,1.32279e+06,854.863
0,1.32348e+06,854.853
0,1.32624e+06,854.859
0,1.32698e+06,855.107
0,1.32759e+06,855.337
0,1.32774e+06,855.423
0,1.32811e+06,855.649
0,1.32846e+06,855.872
0,1.32869e+06,856.079
0,1.32878e+06,856.187
0,1.32884e+06,856.298
0,1.3289e+06,856.419
0,1.32897e+06,856.544
0,1.32901e+06,856.649
0,1.32906e+06,856.76
0,1.3291e+06,856.875
0,1.32915e+06,857.002
0,1.3292e+06,857.121
0,1.32924e+06,857.247
0,1.32929e+06,857.372
0,1.32933e+06,857.487
0,1.32938e+06,857.621
0,1.32944e+06,857.77
0,1.32949e+06,857.872
0,1.32953e+06,857.981
0,1.32959e+06,858.115
0,1.32965e+06,858.232
0,1.32971e+06,858.337
0,1.32979e+06,858.458
0,1.32987e+06,858.564
0,1.32993e+06,858.666
0,1.33004e+06,858.777
0,1.33014e+06,858.898
0,1.33023e+06,859.003
0,1.33034e+06,859.115
0,1.33045e+06,859.223
0,1.33055e+06,859.332
0,1.33066e+06,859.433
0,1.3308e+06,859.542
0,1.33095e+06,859.647
0,1.33115e+06,859.756
0,1.33148e+06,859.857
0,1.33574e+06,859.96
0,1.33638e+06,860.061
0,1.3367e+06,860.163
0,1.33786e+06,860.272
0,1.34454e+06,860.377
0,1.34653e+06,860.485
0,1.34719e+06,860.596
0,1.34737e+06,860.697
0,1.34756e+06,860.803
0,1.34774e+06,860.915
0,1.34812e+06,860.806
0,1.34836e+06,860.699
0,1.35228e+06,860.594
0,1.35451e+06,860.49
0,1.35495e+06,860.384
0,1.3555e+06,860.282
0,1.3566e+06,860.177
0,1.358e+06,860.075
0,1.35972e+06,859.973
0,1.36056e+06,859.865
0,1.36135e+06,859.76
0,1.36219e+06,859.861
0,1.36305e+06,859.963
0,1.36679e+06,860.066
0,1.36751e+06,860.177
0,1.36806e+06,860.292
0,1.36856e+06,860.404
0,1.36908e+06,860.509
0,1.36965e+06,860.611
0,1.37027e+06,860.713
0,1.37085e+06,860.815
0,1.37149e+06,860.921
0,1.37215e+06,861.022
0,1.37286e+06,861.128
0,1.37379e+06,861.236
0,1.37384e+06,861.229
0,1.37515e+06,861.332
0,1.37899e+06,861.434
0,1.3828e+06,861.542
0,1.38524e+06,861.648
0,1.38931e+06,861.543
0,1.38954e+06,861.441
0,1.38975e+06,861.339
0,1.39004e+06,861.237
0,1.3905e+06,861.135
0,1.39483e+06,861.026
0,1.39568e+06,860.924
0,1.39795e+06,860.822
0,1.40332e+06,860.721
0,1.4044e+06,860.619
0,1.40541e+06,860.518
0,1.40614e+06,860.409
0,1.40696e+06,860.307
0,1.40739e+06,860.205
0,1.40776e+06,860.103
0,1.40811e+06,860
0,1.40852e+06,859.895
0,1.40902e+06,859.793
0,1.40964e+06,859.688
0,1.41352e+06,859.793
0,1.41392e+06,859.897
0,1.41427e+06,860.019
0,1.41468e+06,860.121
0,1.41506e+06,860.232
0,1.41546e+06,860.335
0,1.41589e+06,860.44
0,1.41639e+06,860.542
0,1.41721e+06,860.644
0,1.42519e+06,860.541
0,1.42767e+06,860.512
0,1.43023e+06,860.407
0,1.43042e+06,860.295
0,1.43057e+06,860.184
0,1.43072e+06,860.072
0,1.43087e+06,859.957
0,1.43101e+06,859.855
0,1.43122e+06,859.749
0,1.4316e+06,859.648
0,1.4334e+06,859.753
0,1.43516e+06,859.638
0,1.43585e+06,859.537
0,1.43826e+06,859.432
0,1.44793e+06,859.328
0,1.44843e+06,859.217
0,1.44903e+06,859.115
0,1.45194e+06,859.013
0,1.45568e+06,858.912
0,1.46493e+06,859.023
0,1.46942e+06,859.129
0,1.46973e+06,859.231
0,1.46997e+06,859.336
0,1.47812e+06,859.346
0,1.48141e+06,859.244
0,1.48182e+06,859.135
0,1.48221e+06,859.021
0,1.48268e+06,858.919
0,1.48316e+06,858.817
0,1.48366e+06,858.712
0,1.48416e+06,858.597
0,1.48463e+06,858.491
0,1.48478e+06,858.454
0,1.48666e+06,858.555
0,1.48781e+06,858.44
0,1.48827e+06,858.329
0,1.48862e+06,858.227
0,1.48883e+06,858.119
0,1.48899e+06,858.014
0,1.48913e+06,857.911
0,1.48924e+06,857.806
0,1.48936e+06,857.701
0,1.48949e+06,857.577
0,1.48964e+06,857.466
0,1.48979e+06,857.357
0,1.49006e+06,857.239
0,1.49119e+06,857.344
0,1.49157e+06,857.455
0,1.49217e+06,857.557
0,1.49289e+06,857.663
0,1.49366e+06,857.768
0,1.49466e+06,857.87
0,1.4956e+06,857.971
0,1.49576e+06,858.073
0,1.49584e+06,858.188
0,1.49588e+06,858.309
0,1.49593e+06,858.424
0,1.49596e+06,858.539
0,1.49599e+06,858.647
0,1.49602e+06,858.775
0,1.49605e+06,858.94
0,1.49608e+06,859.084
0,1.49611e+06,859.26
0,1.49614e+06,859.421
0,1.49617e+06,859.578
0,1.4962e+06,859.747
0,1.49623e+06,859.909
0,1.49626e+06,860.072
0,1.49629e+06,860.232
0,1.49632e+06,860.384
0,1.49635e+06,860.514
0,1.49638e+06,860.627
0,1.49642e+06,860.757
0,1.4965e+06,860.869
0,1.4966e+06,860.751
0,1.49665e+06,860.633
0,1.49668e+06,860.505
0,1.49671e+06,860.394
0,1.49674e+06,860.27
0,1.49677e+06,860.126
0,1.4968e+06,860.011
0,1.49683e+06,859.878
0,1.49686e+06,859.741
0,1.49689e+06,859.619
0,1.49692e+06,859.501
0,1.49695e+06,859.399
0,1.49698e+06,859.291
0,1.49703e+06,859.154
0,1.49706e+06,859.052
0,1.4971e+06,858.928
0,1.49714e+06,858.812
0,1.49719e+06,858.698
0,1.49725e+06,858.587
0,1.49731e+06,858.466
0,1.49739e+06,858.357
0,1.49748e+06,858.255
0,1.49763e+06,858.14
0,1.49794e+06,858.038
0,1.50205e+06,858.176
0,1.50208e+06,858.351
0,1.50211e+06,858.526
0,1.50212e+06,858.628
0,1.50216e+06,858.784
0,1.50217e+06,858.911
0,1.50218e+06,859.173
0,1.5022e+06,859.88
0,1.50222e+06,861.008
0,1.50223e+06,862.154
0,1.50225e+06,863.203
0,1.50226e+06,863.799
0,1.50229e+06,864.77
0,1.50232e+06,865.411
0,1.5024e+06,864.856
0,1.50243e+06,864.02
0,1.50244e+06,863.515
0,1.50246e+06,863.017
0,1.50247e+06,862.615
0,1.50249e+06,862.293
0,1.5025e+06,862.07
0,1.50252e+06,861.878
0,1.50253e+06,861.645
0,1.50255e+06,861.477
0,1.50256e+06,861.342
0,1.50258e+06,861.203
0,1.50259e+06,861.091
0,1.50261e+06,860.948
0,1.50262e+06,860.785
0,1.50264e+06,860.603
0,1.50267e+06,860.431
0,1.5027e+06,860.223
0,1.50271e+06,860.084
0,1.50276e+06,859.969
0,1.50292e+06,860.073
0,1.50297e+06,859.959
0,1.50301e+06,859.834
0,1.50309e+06,859.726
0,1.50315e+06,859.602
0,1.50318e+06,859.461
0,1.50322e+06,859.331
0,1.50331e+06,859.193
0,1.50334e+06,859.089
0,1.50344e+06,858.98
0,1.50348e+06,858.859
0,1.5036e+06,858.751
0,1.50369e+06,858.645
0,1.50387e+06,858.528
0,1.50405e+06,858.412
0,1.50435e+06,858.311
0,1.50482e+06,858.208
0,1.50571e+06,858.106
0,1.50662e+06,857.997
0,1.51174e+06,857.896
0,1.51248e+06,857.998
0,1.51254e+06,858.109
0,1.51262e+06,858.221
0,1.51267e+06,858.339
0,1.51273e+06,858.441
0,1.5129e+06,858.32
0,1.51335e+06,858.421
0,1.51346e+06,858.296
0,1.51363e+06,858.188
0,1.51378e+06,858.086
0,1.51393e+06,857.968
0,1.51408e+06,857.859
0,1.51421e+06,857.744
0,1.5143e+06,857.614
0,1.51438e+06,857.512
0,1.51445e+06,857.39
0,1.51453e+06,857.281
0,1.51459e+06,857.167
0,1.51466e+06,857.062
0,1.51474e+06,856.96
0,1.51483e+06,856.852
0,1.51492e+06,856.734
0,1.51502e+06,856.62
0,1.51521e+06,856.4
0,1.51529e+06,856.291
0,1.51536e+06,856.177
0,1.51555e+06,855.937
0,1.51573e+06,855.715
0,1.5159e+06,855.501
0,1.51614e+06,855.271
0,1.51643e+06,855.035
0,1.51682e+06,854.823
0,1.51738e+06,854.616
0,1.51895e+06,854.406
0,1.5197e+06,854.636
0,1.51985e+06,854.867
0,1.51995e+06,855.1
0,1.52008e+06,855.352
0,1.52018e+06,855.593
0,1.52029e+06,855.836
0,1.52038e+06,856.059
0,1.52043e+06,856.189
0,1.52047e+06,856.307
0,1.52053e+06,856.448
0,1.52058e+06,856.562
0,1.52062e+06,856.677
0,1.52067e+06,856.792
0,1.52072e+06,856.907
0,1.52076e+06,857.012
0,1.52081e+06,857.133
0,1.52085e+06,857.241
0,1.5209e+06,857.343
0,1.52094e+06,857.451
0,1.52101e+06,857.576
0,1.52105e+06,857.684
0,1.52111e+06,857.789
0,1.52116e+06,857.891
0,1.52123e+06,858.012
0,1.5213e+06,858.121
0,1.52137e+06,858.245
0,1.52146e+06,858.36
0,1.52157e+06,858.469
0,1.52171e+06,858.583
0,1.52189e+06,858.695
0,1.52218e+06,858.797
0,1.52258e+06,858.479
0,1.52259e+06,858.791
0,1.52293e+06,858.894
0,1.52306e+06,859
0,1.52319e+06,859.105
0,1.52332e+06,859.21
0,1.52348e+06,859.1
0,1.52351e+06,859.208
0,1.5237e+06,859.31
0,1.5239e+06,859.416
0,1.52431e+06,859.535
0,1.52459e+06,859.64
0,1.52495e+06,859.745
0,1.52503e+06,859.854
0,1.52512e+06,859.723
0,1.52608e+06,859.828
0,1.52707e+06,859.934
0,1.53302e+06,860.115
0,1.5353e+06,860.014
0,1.5373e+06,860.12
0,1.53823e+06,860.221
0,1.53916e+06,860.177
0,1.54036e+06,860.075
0,1.5416e+06,859.973
0,1.54315e+06,859.872
0,1.54443e+06,859.973
0,1.54478e+06,860.075
0,1.54512e+06,860.181
0,1.54538e+06,860.289
0,1.54562e+06,860.392
0,1.54585e+06,860.503
0,1.54611e+06,860.605
0,1.54632e+06,860.713
0,1.54661e+06,860.819
0,1.54688e+06,860.925
0,1.54724e+06,861.03
0,1.54835e+06,860.929
0,1.54865e+06,860.821
0,1.54887e+06,860.709
0,1.54906e+06,860.597
0,1.54926e+06,860.492
0,1.54943e+06,860.387
0,1.5496e+06,860.279
0,1.54981e+06,860.173
0,1.55003e+06,860.065
0,1.55022e+06,859.957
0,1.55048e+06,859.855
0,1.55071e+06,859.75
0,1.55097e+06,859.634
0,1.55126e+06,859.524
0,1.55149e+06,859.421
0,1.55175e+06,859.316
0,1.55201e+06,859.208
0,1.55224e+06,859.106
0,1.55251e+06,858.991
0,1.55283e+06,858.886
0,1.55309e+06,858.784
0,1.55345e+06,858.679
0,1.55388e+06,858.577
0,1.55484e+06,858.679
0,1.55524e+06,858.787
0,1.55566e+06,858.899
0,1.55739e+06,858.797
0,1.55777e+06,858.686
0,1.55816e+06,858.574
0,1.55916e+06,858.469
0,1.55945e+06,858.36
0,1.55966e+06,858.258
0,1.55993e+06,858.147
0,1.56041e+06,858.045
0,1.56137e+06,858.147
0,1.56188e+06,858.249
0,1.56236e+06,858.352
0,1.56286e+06,858.466
0,1.56344e+06,858.568
0,1.56405e+06,858.67
0,1.56454e+06,858.772
0,1.56492e+06,858.874
0,1.56519e+06,858.979
0,1.56612e+06,858.873
0,1.5683e+06,858.98
0,1.57143e+06,859.081
0,1.58338e+06,858.979
0,1.58545e+06,858.877
0,1.58675e+06,858.771
0,1.58721e+06,858.669
0,1.58745e+06,858.564
0,1.58772e+06,858.462
0,1.588e+06,858.36
0,1.58815e+06,858.255
0,1.58843e+06,858.144
0,1.58907e+06,858.035
0,1.58946e+06,857.93
0,1.58963e+06,857.815
0,1.58981e+06,857.713
0,1.5901e+06,857.605
0,1.59067e+06,857.503
0,1.59393e+06,857.621
0,1.59405e+06,857.726
0,1.59416e+06,857.85
0,1.59424e+06,857.952
0,1.59433e+06,858.067
0,1.5944e+06,858.169
0,1.59446e+06,858.277
0,1.59454e+06,858.405
0,1.59462e+06,858.507
0,1.59468e+06,858.612
0,1.59474e+06,858.72
0,1.5948e+06,858.826
0,1.59488e+06,858.943
0,1.59495e+06,859.08
0,1.59501e+06,859.182
0,1.59509e+06,859.304
0,1.59516e+06,859.412
0,1.59526e+06,859.536
0,1.59536e+06,859.648
0,1.5955e+06,859.75
0,1.5957e+06,859.852
0,1.59664e+06,859.957
0,1.59707e+06,860.069
0,1.59762e+06,860.174
0,1.59842e+06,860.276
0,1.59909e+06,860.172
0,1.60144e+06,860.07
0,1.60237e+06,859.957
0,1.60265e+06,859.852
0,1.60283e+06,859.747
0,1.60301e+06,859.642
0,1.60316e+06,859.527
0,1.60336e+06,859.409
0,1.6036e+06,859.307
0,1.60403e+06,859.202
0,1.60487e+06,859.097
0,1.6071e+06,858.989
0,1.60809e+06,858.887
0,1.60871e+06,858.782
0,1.6099e+06,858.891
0,1.61472e+06,858.996
0,1.6148e+06,859.111
0,1.61586e+06,859.218
0,1.61625e+06,859.333
0,1.61646e+06,859.438
0,1.61666e+06,859.553
0,1.61684e+06,859.658
0,1.61702e+06,859.76
0,1.61719e+06,859.865
0,1.61736e+06,859.971
0,1.61754e+06,860.079
0,1.61769e+06,860.184
0,1.61786e+06,860.295
0,1.61807e+06,860.398
0,1.61829e+06,860.512
0,1.61872e+06,860.615
0,1.6192e+06,860.717
0,1.62044e+06,860.615
0,1.62071e+06,860.513
0,1.62102e+06,860.411
0,1.62134e+06,860.309
0,1.62186e+06,860.204
0,1.62224e+06,860.101
0,1.62265e+06,859.993
0,1.62304e+06,859.888
0,1.62367e+06,859.783
0,1.62385e+06,859.678
0,1.62404e+06,859.572
0,1.62472e+06,859.47
0,1.6255e+06,859.365
0,1.62704e+06,859.263
0,1.62825e+06,859.161
0,1.62953e+06,859.267
0,1.62989e+06,859.368
0,1.6303e+06,859.474
0,1.63134e+06,859.595
0,1.63344e+06,859.698
0,1.63486e+06,859.802
0,1.63709e+06,859.912
0,1.63848e+06,860.015
0,1.63878e+06,860.116
0,1.63907e+06,860.225
0,1.63944e+06,860.33
0,1.64018e+06,860.432
0,1.64081e+06,860.33
0,1.64125e+06,860.218
0,1.64171e+06,860.107
0,1.64406e+06,860.005
0,1.64658e+06,860.109
0,1.64692e+06,860.211
0,1.64726e+06,860.313
0,1.64944e+06,860.415
0,1.65032e+06,860.517
0,1.65128e+06,860.622
0,1.65198e+06,860.724
0,1.65227e+06,860.826
0,1.65253e+06,860.928
0,1.65273e+06,861.043
0,1.653e+06,861.155
0,1.65324e+06,861.257
0,1.6536e+06,861.359
0,1.65419e+06,861.461
0,1.65664e+06,861.359
0,1.65745e+06,861.25
0,1.65826e+06,861.145
0,1.65893e+06,861.043
0,1.65957e+06,860.941
0,1.66058e+06,860.839
0,1.66186e+06,860.737
0,1.6623e+06,860.635
0,1.66262e+06,860.529
0,1.66298e+06,860.42
0,1.66344e+06,860.319
0,1.66399e+06,860.213
0,1.66509e+06,860.111
0,1.66562e+06,860.215
0,1.66565e+06,860.324
0,1.66582e+06,860.464
0,1.66585e+06,860.618
0,1.66591e+06,860.468
0,1.66594e+06,860.327
0,1.66603e+06,860.219
0,1.66644e+06,860.117
0,1.67168e+06,860.007
0,1.67386e+06,859.905
0,1.67415e+06,859.888
0,1.67497e+06,859.989
0,1.67517e+06,860.094
0,1.67535e+06,860.205
0,1.6755e+06,860.307
0,1.67569e+06,860.412
0,1.67584e+06,860.514
0,1.67602e+06,860.62
0,1.67622e+06,860.722
0,1.67647e+06,860.829
0,1.67674e+06,860.932
0,1.67703e+06,861.046
0,1.67894e+06,860.938
0,1.67927e+06,860.832
0,1.67988e+06,860.73
0,1.68038e+06,860.622
0,1.685e+06,860.723
0,1.6902e+06,860.825
0,1.69107e+06,860.786
0,1.69278e+06,860.889
0,1.6967e+06,860.991
0,1.70083e+06,861.107
0,1.70115e+06,861.221
0,1.70146e+06,861.329
0,1.70184e+06,861.432
0,1.70301e+06,861.317
0,1.70339e+06,861.215
0,1.7038e+06,861.107
0,1.70427e+06,861.005
0,1.70461e+06,860.899
0,1.70484e+06,860.797
0,1.70504e+06,860.686
0,1.7052e+06,860.584
0,1.70534e+06,860.481
0,1.70551e+06,860.38
0,1.70563e+06,860.275
0,1.70578e+06,860.166
0,1.706e+06,860.061
0,1.70622e+06,859.956
0,1.70661e+06,859.854
0,1.70728e+06,859.748
0,1.70772e+06,859.646
0,1.70926e+06,859.733
0,1.70969e+06,859.631
0,1.71118e+06,859.526
0,1.71272e+06,859.631
0,1.71308e+06,859.733
0,1.71337e+06,859.844
0,1.7136e+06,859.947
0,1.71382e+06,860.052
0,1.71406e+06,860.154
0,1.71432e+06,860.256
0,1.71482e+06,860.378
0,1.71644e+06,860.276
0,1.71705e+06,860.173
0,1.71758e+06,860.071
0,1.72332e+06,859.969
0,1.72441e+06,859.866
0,1.72576e+06,859.969
0,1.72715e+06,860.071
0,1.72751e+06,860.176
0,1.72788e+06,860.285
0,1.72971e+06,860.182
0,1.73028e+06,860.078
0,1.73097e+06,859.972
0,1.73368e+06,860.078
0,1.73388e+06,860.186
0,1.73402e+06,860.304
0,1.73417e+06,860.419
0,1.73432e+06,860.53
0,1.73446e+06,860.636
0,1.7346e+06,860.744
0,1.73477e+06,860.846
0,1.73494e+06,860.948
0,1.73516e+06,861.063
0,1.73542e+06,861.171
0,1.73582e+06,861.279
0,1.73705e+06,861.388
0,1.73763e+06,861.496
0,1.73832e+06,861.599
0,1.74169e+06,861.496
0,1.74231e+06,861.394
0,1.74712e+06,861.29
0,1.75028e+06,861.185
0,1.7505e+06,861.08
0,1.75072e+06,860.965
0,1.75098e+06,860.862
0,1.75137e+06,860.761
0,1.75218e+06,860.655
0,1.75272e+06,860.553
0,1.75513e+06,860.451
0,1.75735e+06,860.553
0,1.75978e+06,860.448
0,1.75996e+06,860.326
0,1.7601e+06,860.224
0,1.7602e+06,860.106
0,1.7603e+06,860.001
0,1.76039e+06,859.886
0,1.76048e+06,859.768
0,1.76057e+06,859.657
0,1.76065e+06,859.539
0,1.76075e+06,859.424
0,1.76084e+06,859.315
0,1.76094e+06,859.207
0,1.76104e+06,859.086
0,1.76118e+06,858.974
0,1.76135e+06,858.869
0,1.76168e+06,858.758
0,1.76325e+06,858.86
0,1.76444e+06,858.748
0,1.76485e+06,858.633
0,1.76533e+06,858.528
0,1.76717e+06,858.633
0,1.76737e+06,858.742
0,1.76763e+06,858.847
0,1.77001e+06,858.952
0,1.77013e+06,859.055
0,1.77028e+06,859.17
0,1.77053e+06,859.271
0,1.771e+06,859.166
0,1.7713e+06,859.064
0,1.77167e+06,859.166
0,1.77182e+06,859.271
0,1.77196e+06,859.379
0,1.77208e+06,859.489
0,1.77222e+06,859.593
0,1.77237e+06,859.695
0,1.7726e+06,859.803
0,1.77327e+06,859.908
0,1.77382e+06,860.014
0,1.7744e+06,860.116
0,1.77663e+06,860.013
0,1.77713e+06,859.905
0,1.77736e+06,859.8
0,1.77757e+06,859.686
0,1.77786e+06,859.574
0,1.77836e+06,859.469
0,1.77905e+06,859.361
0,1.77935e+06,859.258
0,1.77958e+06,859.157
0,1.77978e+06,859.052
0,1.77998e+06,858.943
0,1.78018e+06,858.834
0,1.78039e+06,858.726
0,1.78144e+06,858.835
0,1.78163e+06,858.724
0,1.78181e+06,858.618
0,1.78196e+06,858.51
0,1.78217e+06,858.404
0,1.78272e+06,858.51
0,1.78294e+06,858.625
0,1.78315e+06,858.727
0,1.7844e+06,858.832
0,1.78481e+06,858.937
0,1.78599e+06,859.052
0,1.78629e+06,859.157
0,1.78647e+06,859.266
0,1.7866e+06,859.367
0,1.78674e+06,859.479
0,1.78686e+06,859.591
0,1.78699e+06,859.709
0,1.78712e+06,859.81
0,1.78724e+06,859.922
0,1.7874e+06,860.04
0,1.78756e+06,860.148
0,1.78777e+06,860.26
0,1.78803e+06,860.362
0,1.78843e+06,860.464
0,1.78911e+06,860.573
0,1.79277e+06,860.675
0,1.79336e+06,860.777
0,1.79416e+06,860.879
0,1.79741e+06,860.777
0,1.79786e+06,860.675
0,1.79844e+06,860.57
0,1.80346e+06,860.672
0,1.8056e+06,860.777
0,1.8061e+06,860.883
0,1.80671e+06,860.988
0,1.80746e+06,861.093
0,1.8165e+06,861.198
0,1.81828e+06,861.3
0,1.82005e+06,861.198
0,1.82037e+06,861.096
0,1.82072e+06,860.985
0,1.82124e+06,860.873
0,1.82609e+06,860.768
0,1.8267e+06,860.666
0,1.82804e+06,860.56
0,1.82824e+06,860.458
0,1.82833e+06,860.349
0,1.82841e+06,860.216
0,1.82847e+06,860.079
0,1.82851e+06,859.964
0,1.82856e+06,859.84
0,1.8286e+06,859.696
0,1.82863e+06,859.594
0,1.82868e+06,859.454
0,1.82871e+06,859.349
0,1.82876e+06,859.218
0,1.82879e+06,859.113
0,1.82883e+06,858.988
0,1.82888e+06,858.886
0,1.82894e+06,858.775
0,1.82926e+06,858.902
0,1.82932e+06,859.026
0,1.82938e+06,859.141
0,1.82944e+06,859.256
0,1.82952e+06,859.361
0,1.8296e+06,859.469
0,1.82973e+06,859.572
0,1.82996e+06,859.674
0,1.83013e+06,859.778
0,1.83027e+06,859.88
0,1.8304e+06,859.992
0,1.83054e+06,860.094
0,1.83069e+06,860.206
0,1.83086e+06,860.318
0,1.83106e+06,860.426
0,1.83129e+06,860.534
0,1.83176e+06,860.639
0,1.83222e+06,860.168
0,1.83223e+06,860.687
0,1.83313e+06,860.792
0,1.83463e+06,860.897
0,1.83574e+06,860.785
0,1.83618e+06,860.684
0,1.83668e+06,860.581
0,1.83743e+06,860.476
0,1.84046e+06,860.578
0,1.84104e+06,860.681
0,1.84162e+06,860.798
0,1.84263e+06,860.9
0,1.84774e+06,860.794
0,1.84985e+06,860.688
0,1.84988e+06,860.691
0,1.85031e+06,860.589
0,1.85116e+06,860.487
0,1.85252e+06,860.385
0,1.85597e+06,860.487
0,1.85769e+06,860.382
0,1.85923e+06,860.276
0,1.86083e+06,860.168
0,1.86155e+06,860.063
0,1.8622e+06,859.958
0,1.86278e+06,859.856
0,1.8633e+06,859.75
0,1.86377e+06,859.645
0,1.86431e+06,859.54
0,1.86601e+06,859.432
0,1.86995e+06,859.33
0,1.8705e+06,859.228
0,1.87117e+06,859.126
0,1.87236e+06,859.024
0,1.87309e+06,859.139
0,1.87332e+06,859.24
0,1.87353e+06,859.345
0,1.8737e+06,859.45
0,1.87386e+06,859.555
0,1.87408e+06,859.657
0,1.8744e+06,859.759
0,1.87524e+06,859.654
0,1.87594e+06,859.549
0,1.8771e+06,859.441
0,1.8778e+06,859.339
0,1.87944e+06,859.444
0,1.88004e+06,859.546
0,1.88054e+06,859.651
0,1.88123e+06,859.754
0,1.88188e+06,859.856
0,1.88258e+06,859.958
0,1.88345e+06,860.063
0,1.88498e+06,860.165
0,1.88673e+06,860.383
0,1.88675e+06,860.213
0,1.88849e+06,860.328
0,1.89051e+06,860.428
0,1.89179e+06,860.507
0,1.89467e+06,860.561
0,1.90242e+06,860.643
0,1.91012e+06,860.746
0,1.91137e+06,860.848
0,1.91279e+06,860.746
0,1.91324e+06,860.644
0,1.9137e+06,860.542
0,1.91414e+06,860.434
0,1.91454e+06,860.332
0,1.91503e+06,860.223
0,1.91559e+06,860.118
0,1.91609e+06,859.997
0,1.91657e+06,859.895
0,1.91712e+06,859.789
0,1.91821e+06,859.901
0,1.91856e+06,860.002
0,1.91904e+06,860.104
0,1.92067e+06,860.002
0,1.92102e+06,859.9
0,1.92143e+06,859.795
0,1.92215e+06,859.693
0,1.92358e+06,859.795
0,1.92375e+06,859.903
0,1.9239e+06,860.009
0,1.92402e+06,860.123
0,1.92413e+06,860.225
0,1.92423e+06,860.331
0,1.92434e+06,860.442
0,1.92448e+06,860.554
0,1.92462e+06,860.659
0,1.92539e+06,860.554
0,1.92556e+06,860.451
0,1.92576e+06,860.343
0,1.926e+06,860.241
0,1.92637e+06,860.139
0,1.9274e+06,860.027
0,1.9278e+06,859.925
0,1.92818e+06,859.823
0,1.92987e+06,859.937
0,1.93019e+06,860.039
0,1.9306e+06,860.141
0,1.93108e+06,860.243
0,1.9316e+06,860.348
0,1.93212e+06,860.457
0,1.93272e+06,860.559
0,1.93361e+06,860.667
0,1.93643e+06,860.77
0,1.94432e+06,860.667
0,1.95321e+06,860.776
0,1.954e+06,860.877
0,1.95518e+06,860.983
0,1.9563e+06,861.092
0,1.95713e+06,861.197
0,1.95801e+06,861.299
0,1.96129e+06,861.185
0,1.96224e+06,861.083
0,1.9638e+06,860.982
0,1.96513e+06,860.874
0,1.96634e+06,860.769
0,1.9748e+06,860.806
0,1.97647e+06,860.912
0,1.97724e+06,861.013
0,1.97788e+06,861.116
0,1.97898e+06,861.224
0,1.98e+06,861.329
0,1.98118e+06,861.432
0,1.98227e+06,861.534
0,1.98448e+06,861.636
0,1.99153e+06,861.534
0,1.99605e+06,861.537
0,2.00163e+06,861.592
0,2.00309e+06,861.694
0,2.00619e+06,861.592
0,2.00728e+06,861.49
0,2.00824e+06,861.388
0,2.0095e+06,861.28
0,2.01078e+06,861.174
0,2.0123e+06,861.069
0,2.01638e+06,861.174
0,2.01717e+06,861.276
0,2.019e+06,861.168
0,2.02133e+06,861.268
0,2.02215e+06,861.373
0,2.02287e+06,861.475
0,2.02348e+06,861.577
0,2.02412e+06,861.68
0,2.02482e+06,861.788
0,2.02572e+06,861.893
0,2.02696e+06,861.995
0,2.02879e+06,862.101
0,2.0306e+06,862.224
0,2.03085e+06,862.102
0,2.03101e+06,861.974
0,2.03199e+06,862.086
0,2.03332e+06,862.086
0,2.03498e+06,862.194
0,2.03518e+06,862.312
0,2.03527e+06,862.418
0,2.0354e+06,862.526
0,2.03788e+06,862.423
0,2.0385e+06,862.321
0,2.03943e+06,862.219
0,2.03964e+06,862.114
0,2.03987e+06,862.012
0,2.04039e+06,861.907
0,2.04108e+06,861.801
0,2.04194e+06,861.91
0,2.04256e+06,861.808
0,2.04306e+06,861.703
0,2.04556e+06,861.804
0,2.0467e+06,861.91
0,2.04791e+06,862.012
0,2.05043e+06,862.114
0,2.05108e+06,862.197
0,2.05163e+06,862.3
0,2.05201e+06,862.402
0,2.05262e+06,862.504
0,2.0532e+06,862.605
0,2.05376e+06,862.706
0,2.05436e+06,862.813
0,2.05778e+06,862.704
0,2.05843e+06,862.602
0,2.05927e+06,862.501
0,2.06023e+06,862.399
0,2.06212e+06,862.504
0,2.06321e+06,862.606
0,2.06391e+06,862.714
0,2.06461e+06,862.816
0,2.06526e+06,862.919
0,2.0656e+06,863.031
0,2.06595e+06,863.139
0,2.06713e+06,863.034
0,2.06743e+06,862.932
0,2.0679e+06,862.823
0,2.07001e+06,862.721
0,2.07039e+06,862.616
0,2.07074e+06,862.514
0,2.07117e+06,862.405
0,2.07161e+06,862.303
0,2.07208e+06,862.198
0,2.07277e+06,862.095
0,2.07339e+06,861.994
0,2.0738e+06,861.889
0,2.07419e+06,861.784
0,2.07431e+06,861.764
0,2.07503e+06,861.662
0,2.07609e+06,861.561
0,2.0764e+06,861.461
0,2.07672e+06,861.353
0,2.07702e+06,861.248
0,2.07737e+06,861.145
0,2.0778e+06,861.041
0,2.07832e+06,860.932
0,2.07884e+06,860.827
0,2.07939e+06,860.725
0,2.08001e+06,860.616
0,2.08061e+06,860.514
0,2.08128e+06,860.412
0,2.08382e+06,860.307
0,2.08608e+06,860.201
0,2.08744e+06,860.304
0,2.08794e+06,860.405
0,2.08841e+06,860.507
0,2.08877e+06,860.609
0,2.08904e+06,860.711
0,2.08944e+06,860.816
0,2.0898e+06,860.925
0,2.09014e+06,861.04
0,2.09041e+06,861.144
0,2.09069e+06,861.25
0,2.09117e+06,861.352
0,2.09163e+06,861.454
0,2.09203e+06,861.556
0,2.09238e+06,861.658
0,2.09273e+06,861.763
0,2.0931e+06,861.865
0,2.09357e+06,861.967
0,2.09486e+06,862.069
0,2.09672e+06,861.966
0,2.09682e+06,861.954
0,2.0974e+06,861.845
0,2.09791e+06,861.74
0,2.09834e+06,861.631
0,2.09881e+06,861.526
0,2.09923e+06,861.42
0,2.09968e+06,861.318
0,2.10028e+06,861.213
0,2.10332e+06,861.104
0,2.10609e+06,861.208
0,2.10658e+06,861.31
0,2.10784e+06,861.208
0,2.10809e+06,861.103
0,2.10832e+06,860.994
0,2.10858e+06,860.873
0,2.10882e+06,860.768
0,2.10908e+06,860.659
0,2.10943e+06,860.554
0,2.10995e+06,860.452
0,2.1113e+06,860.555
0,2.1121e+06,860.446
0,2.11255e+06,860.331
0,2.11304e+06,860.226
0,2.1137e+06,860.124
0,2.11824e+06,860.197
0,2.11925e+06,860.299
0,2.11986e+06,860.194
0,2.12019e+06,860.089
0,2.12052e+06,859.987
0,2.1209e+06,859.881
0,2.12137e+06,859.773
0,2.12413e+06,859.671
0,2.12504e+06,859.562
0,2.12629e+06,859.455
0,2.13129e+06,859.349
0,2.13161e+06,859.247
0,2.13199e+06,859.145
0,2.1325e+06,859.043
0,2.13442e+06,858.941
0,2.13484e+06,858.839
0,2.13515e+06,858.734
0,2.13576e+06,858.632
0,2.13675e+06,858.734
0,2.13727e+06,858.839
0,2.13776e+06,858.957
0,2.13815e+06,859.063
0,2.13841e+06,859.165
0,2.13861e+06,859.27
0,2.13881e+06,859.375
0,2.13899e+06,859.48
0,2.13971e+06,859.594
0,2.13994e+06,859.696
0,2.14041e+06,859.798
0,2.14366e+06,859.696
0,2.14635e+06,859.802
0,2.14933e+06,859.687
0,2.14994e+06,859.585
0,2.15043e+06,859.477
0,2.1557e+06,859.589
0,2.15655e+06,859.694
0,2.16012e+06,859.592
0,2.16067e+06,859.487
0,2.16151e+06,859.382
0,2.16246e+06,859.274
0,2.16303e+06,859.165
0,2.1638e+06,859.111
0,2.16994e+06,859.216
0,2.17026e+06,858.774
0,2.17027e+06,859.175
0,2.17072e+06,859.069
0,2.17098e+06,858.967
0,2.17119e+06,858.859
0,2.17142e+06,858.758
0,2.17162e+06,858.655
0,2.17177e+06,858.547
0,2.17206e+06,858.439
0,2.17228e+06,858.331
0,2.17255e+06,858.225
0,2.1728e+06,858.123
0,2.17311e+06,858.021
0,2.17343e+06,857.919
0,2.17378e+06,857.817
0,2.17471e+06,857.922
0,2.17511e+06,858.028
0,2.1756e+06,858.136
0,2.17611e+06,858.24
0,2.17649e+06,858.356
0,2.17677e+06,858.458
0,2.17703e+06,858.563
0,2.17727e+06,858.671
0,2.17753e+06,858.779
0,2.17776e+06,858.884
0,2.178e+06,858.99
0,2.17835e+06,859.095
0,2.17869e+06,859.207
0,2.17912e+06,859.315
0,2.17953e+06,859.423
0,2.18e+06,859.541
0,2.18064e+06,859.643
0,2.18148e+06,859.748
0,2.18322e+06,859.85
0,2.187e+06,859.96
0,2.18901e+06,860.062
0,2.19e+06,859.95
0,2.19022e+06,859.848
0,2.19044e+06,859.743
0,2.19075e+06,859.641
0,2.19168e+06,859.52
0,2.193e+06,859.415
0,2.19383e+06,859.52
0,2.19599e+06,859.415
0,2.19685e+06,859.313
0,2.19764e+06,859.415
0,2.20025e+06,859.299
0,2.20077e+06,859.185
0,2.20086e+06,859.074
0,2.20179e+06,859.178
0,2.20493e+06,859.076
0,2.20785e+06,859.191
0,2.20804e+06,859.293
0,2.20819e+06,859.401
0,2.20836e+06,859.506
0,2.20856e+06,859.621
0,2.20882e+06,859.726
0,2.20917e+06,859.838
0,2.20953e+06,859.953
0,2.2099e+06,860.058
0,2.21031e+06,860.16
0,2.21154e+06,860.262
0,2.21437e+06,860.368
0,2.21754e+06,860.259
0,2.21775e+06,860.154
0,2.2179e+06,860.049
0,2.21808e+06,859.947
0,2.21824e+06,859.832
0,2.21837e+06,859.724
0,2.2185e+06,859.602
0,2.21865e+06,859.497
0,2.21877e+06,859.38
0,2.21892e+06,859.268
0,2.21906e+06,859.16
0,2.21923e+06,859.055
0,2.21938e+06,858.943
0,2.21956e+06,858.841
0,2.21975e+06,858.735
0,2.21994e+06,858.631
0,2.22014e+06,858.525
0,2.22033e+06,858.423
0,2.22053e+06,858.315
0,2.22071e+06,858.21
0,2.22091e+06,858.108
0,2.22113e+06,858.002
0,2.22138e+06,857.898
0,2.22167e+06,857.796
0,2.22213e+06,857.684
0,2.22289e+06,857.58
0,2.22389e+06,857.682
0,2.22415e+06,857.786
0,2.22438e+06,857.905
0,2.2245e+06,858.009
0,2.22462e+06,858.118
0,2.22475e+06,858.226
0,2.22487e+06,858.328
0,2.22498e+06,858.434
0,2.22511e+06,858.541
0,2.22527e+06,858.653
0,2.22542e+06,858.755
0,2.22556e+06,858.858
0,2.22572e+06,858.959
0,2.2259e+06,859.074
0,2.22612e+06,859.179
0,2.22636e+06,859.3
0,2.22661e+06,859.406
0,2.22684e+06,859.508
0,2.22708e+06,859.613
0,2.22731e+06,859.715
0,2.22758e+06,859.817
0,2.22796e+06,859.919
0,2.22848e+06,860.027
0,2.22897e+06,860.114
0,2.23118e+06,860.009
0,2.23144e+06,859.894
0,2.23176e+06,859.792
0,2.23231e+06,859.687
0,2.23305e+06,859.585
0,2.23811e+06,859.479
0,2.23915e+06,859.377
0,2.24054e+06,859.276
0,2.2476e+06,859.387
0,2.25251e+06,859.49
0,2.2545e+06,859.591
0,2.25545e+06,859.699
0,2.25635e+06,859.802
0,2.25728e+06,859.904
0,2.25839e+06,860.006
0,2.25897e+06,860.108
0,2.25972e+06,860.213
0,2.26121e+06,860.105
0,2.26144e+06,859.996
0,2.26171e+06,859.891
0,2.26217e+06,859.789
0,2.2628e+06,859.68
0,2.26328e+06,859.578
0,2.2637e+06,859.476
0,2.264e+06,859.374
0,2.26447e+06,859.272
0,2.26481e+06,859.17
0,2.26514e+06,859.069
0,2.26713e+06,859.17
0,2.26862e+06,859.284
0,2.26984e+06,859.39
0,2.27091e+06,859.492
0,2.27114e+06,859.609
0,2.2712e+06,859.741
0,2.27124e+06,859.843
0,2.2713e+06,859.951
0,2.27141e+06,860.056
0,2.27144e+06,860.193
0,2.2715e+06,860.308
0,2.27156e+06,860.416
0,2.27161e+06,860.527
0,2.27165e+06,860.656
0,2.2717e+06,860.764
0,2.27175e+06,860.892
0,2.27205e+06,860.784
0,2.27214e+06,860.679
0,2.27257e+06,860.57
0,2.27339e+06,860.467
0,2.2738e+06,860.438
0,2.27454e+06,860.337
0,2.27489e+06,860.232
0,2.27499e+06,860.126
0,2.27568e+06,860.024
0,2.27632e+06,859.922
0,2.27702e+06,859.82
0,2.27859e+06,859.718
0,2.27955e+06,859.616
0,2.27981e+06,859.514
0,2.28009e+06,859.413
0,2.28035e+06,859.307
0,2.28063e+06,859.202
0,2.281e+06,859.1
0,2.28163e+06,858.998
0,2.2839e+06,858.896
0,2.28731e+06,858.794
0,2.28862e+06,858.686
0,2.28885e+06,858.561
0,2.28899e+06,858.682
0,2.28902e+06,858.825
0,2.28905e+06,858.937
0,2.28916e+06,858.822
0,2.2893e+06,858.714
0,2.28943e+06,858.863
0,2.28946e+06,858.981
0,2.2895e+06,859.115
0,2.28952e+06,859.22
0,2.28956e+06,859.115
0,2.28958e+06,858.94
0,2.28962e+06,858.838
0,2.28971e+06,858.736
0,2.29008e+06,858.634
0,2.29053e+06,858.532
0,2.29096e+06,858.43
0,2.29196e+06,858.328
0,2.29331e+06,858.226
0,2.29486e+06,858.328
0,2.2952e+06,858.43
0,2.29538e+06,858.535
0,2.29553e+06,858.637
0,2.29569e+06,858.745
0,2.29593e+06,858.851
0,2.29645e+06,858.742
0,2.29664e+06,858.631
0,2.29681e+06,858.526
0,2.29703e+06,858.421
0,2.29732e+06,858.318
0,2.29776e+06,858.217
0,2.30073e+06,858.318
0,2.3044e+06,858.42
0,2.30474e+06,858.526
0,2.3049e+06,858.634
0,2.30502e+06,858.739
0,2.30515e+06,858.854
0,2.30528e+06,858.956
0,2.30542e+06,859.058
0,2.30559e+06,859.163
0,2.30583e+06,859.278
0,2.30626e+06,859.383
0,2.30804e+06,859.485
0,2.30838e+06,859.587
0,2.30885e+06,859.689
0,2.30928e+06,859.798
0,2.30961e+06,859.9
0,2.31002e+06,860.011
0,2.31033e+06,860.113
0,2.31073e+06,860.218
0,2.31114e+06,860.321
0,2.31153e+06,860.423
0,2.31201e+06,860.525
0,2.313e+06,860.627
0,2.31492e+06,860.522
0,2.31554e+06,860.416
0,2.31602e+06,860.314
0,2.31631e+06,860.439
0,2.31635e+06,860.557
0,2.3164e+06,860.666
0,2.31643e+06,860.836
0,2.31644e+06,860.979
0,2.31646e+06,861.145
0,2.31647e+06,861.321
0,2.31649e+06,861.458
0,2.31652e+06,861.567
0,2.31657e+06,861.819
0,2.31658e+06,862.083
0,2.3166e+06,862.406
0,2.31661e+06,862.83
0,2.31663e+06,863.324
0,2.31664e+06,863.825
0,2.31667e+06,864.39
0,2.31672e+06,863.835
0,2.31673e+06,863.488
0,2.31675e+06,863.147
0,2.31676e+06,862.802
0,2.31678e+06,862.451
0,2.3168e+06,862.161
0,2.31681e+06,861.986
0,2.31683e+06,861.864
0,2.31689e+06,861.753
0,2.31692e+06,861.615
0,2.31693e+06,861.781
0,2.31695e+06,862.027
0,2.31696e+06,862.157
0,2.31702e+06,861.982
0,2.31718e+06,861.864
0,2.31722e+06,861.756
0,2.31725e+06,861.628
0,2.31728e+06,861.523
0,2.31731e+06,861.379
0,2.31734e+06,861.223
0,2.31737e+06,861.086
0,2.3174e+06,860.958
0,2.31743e+06,860.846
0,2.31746e+06,860.738
0,2.31751e+06,860.607
0,2.31754e+06,860.473
0,2.3176e+06,860.361
0,2.31766e+06,860.243
0,2.31772e+06,860.141
0,2.31782e+06,860.019
0,2.31791e+06,859.898
0,2.31801e+06,859.793
0,2.31817e+06,859.687
0,2.31829e+06,859.585
0,2.31843e+06,859.483
0,2.31852e+06,859.375
0,2.31867e+06,859.272
0,2.31888e+06,859.17
0,2.31925e+06,859.065
0,2.31961e+06,858.963
0,2.32013e+06,858.861
0,2.32175e+06,858.759
0,2.32493e+06,858.654
0,2.32632e+06,858.552
0,2.32733e+06,858.45
0,2.32882e+06,858.342
0,2.32993e+06,858.231
0,2.33103e+06,858.129
0,2.33179e+06,858.027
0,2.33292e+06,857.915
0,2.33429e+06,857.814
0,2.33792e+06,857.711
0,2.33981e+06,857.817
0,2.34008e+06,857.928
0,2.34028e+06,858.034
0,2.3405e+06,858.142
0,2.3408e+06,858.251
0,2.34152e+06,858.358
0,2.34349e+06,858.461
0,2.34403e+06,858.563
0,2.34434e+06,858.684
0,2.34457e+06,858.792
0,2.34483e+06,858.894
0,2.34513e+06,858.996
0,2.34542e+06,859.098
0,2.34574e+06,859.21
0,2.34626e+06,859.312
0,2.34771e+06,859.207
0,2.34867e+06,859.104
0,2.34954e+06,859.002
0,2.35042e+06,858.9
0,2.35227e+06,859.005
0,2.35246e+06,859.123
0,2.35263e+06,859.225
0,2.35286e+06,859.33
0,2.35306e+06,859.438
0,2.35348e+06,859.541
0,2.35371e+06,859.607
0,2.35417e+06,859.71
0,2.35455e+06,859.811
0,2.35501e+06,859.913
0,2.35622e+06,860.015
0,2.3575e+06,859.976
0,2.36291e+06,860.085
0,2.36346e+06,860.187
0,2.36452e+06,860.082
0,2.3648e+06,859.974
0,2.36509e+06,859.872
0,2.36539e+06,859.763
0,2.36582e+06,859.661
0,2.36664e+06,859.559
0,2.36785e+06,859.661
0,2.36977e+06,859.552
0,2.37103e+06,859.66
0,2.37236e+06,859.551
0,2.37259e+06,859.45
0,2.37285e+06,859.344
0,2.37318e+06,859.236
0,2.37358e+06,859.131
0,2.37416e+06,859.029
0,2.3749e+06,858.927
0,2.37578e+06,858.825
0,2.3763e+06,858.719
0,2.38018e+06,858.639
0,2.38171e+06,858.537
0,2.382e+06,858.435
0,2.3822e+06,858.328
0,2.38241e+06,858.216
0,2.38257e+06,858.114
0,2.3828e+06,858.009
0,2.38302e+06,857.907
0,2.38328e+06,857.805
0,2.38366e+06,857.702
0,2.38436e+06,857.601
0,2.38704e+06,857.706
0,2.38786e+06,857.808
0,2.38991e+06,857.916
0,2.39037e+06,858.018
0,2.39066e+06,858.12
0,2.39085e+06,858.235
0,2.39108e+06,858.346
0,2.39119e+06,858.467
0,2.39125e+06,858.576
0,2.39133e+06,858.678
0,2.39142e+06,858.799
0,2.39152e+06,858.904
0,2.39163e+06,859.009
0,2.39177e+06,859.124
0,2.39192e+06,859.226
0,2.3921e+06,859.334
0,2.39236e+06,859.443
0,2.39374e+06,859.334
0,2.39409e+06,859.229
0,2.39453e+06,859.128
0,2.39516e+06,859.026
0,2.39593e+06,858.924
0,2.3966e+06,858.818
0,2.39999e+06,858.758
0,2.40104e+06,858.86
0,2.40156e+06,858.962
0,2.40208e+06,859.064
0,2.40285e+06,859.166
0,2.40313e+06,859.267
0,2.40337e+06,859.376
0,2.40384e+06,859.274
0,2.40404e+06,859.172
0,2.40432e+06,859.07
0,2.4047e+06,858.968
0,2.40502e+06,858.866
0,2.40534e+06,858.758
0,2.40574e+06,858.652
0,2.40618e+06,858.547
0,2.40672e+06,858.442
0,2.40749e+06,858.34
0,2.41133e+06,858.442
0,2.41173e+06,858.547
0,2.41208e+06,858.649
0,2.41242e+06,858.751
0,2.41277e+06,858.853
0,2.41347e+06,858.964
0,2.41542e+06,859.067
0,2.41583e+06,859.172
0,2.41608e+06,859.277
0,2.41626e+06,859.392
0,2.41642e+06,859.5
0,2.41658e+06,859.602
0,2.41678e+06,859.704
0,2.41748e+06,859.602
0,2.41761e+06,859.488
0,2.41775e+06,859.373
0,2.41787e+06,859.261
0,2.41798e+06,859.156
0,2.4181e+06,859.054
0,2.41822e+06,858.939
0,2.41835e+06,858.831
0,2.41848e+06,858.722
0,2.41864e+06,858.604
0,2.4188e+06,858.496
0,2.41899e+06,858.394
0,2.41917e+06,858.29
0,2.41929e+06,858.17
0,2.41946e+06,858.062
0,2.4197e+06,857.948
0,2.42001e+06,857.846
0,2.42036e+06,857.74
0,2.42076e+06,857.635
0,2.42117e+06,857.527
0,2.42148e+06,857.425
0,2.4217e+06,857.313
0,2.42198e+06,857.199
0,2.42323e+06,857.304
0,2.42364e+06,857.406
0,2.42509e+06,857.298
0,2.42722e+06,857.19
0,2.42745e+06,857.085
0,2.42762e+06,856.973
0,2.42779e+06,856.858
0,2.42794e+06,856.756
0,2.42806e+06,856.655
0,2.42823e+06,856.552
0,2.4284e+06,856.447
0,2.42863e+06,856.345
0,2.42896e+06,856.24
0,2.43094e+06,856.345
0,2.43158e+06,856.45
0,2.43236e+06,856.552
0,2.43645e+06,856.653
0,2.43695e+06,856.758
0,2.43744e+06,856.86
0,2.43811e+06,856.965
0,2.43884e+06,857.07
0,2.4395e+06,857.175
0,2.43985e+06,857.277
0,2.44006e+06,857.385
0,2.44026e+06,857.503
0,2.44046e+06,857.621
0,2.44066e+06,857.733
0,2.44088e+06,857.834
0,2.44113e+06,857.94
0,2.44156e+06,858.051
0,2.44284e+06,857.949
0,2.44336e+06,857.843
0,2.44378e+06,857.742
0,2.44421e+06,857.633
0,2.44608e+06,857.735
0,2.44648e+06,857.84
0,2.4468e+06,857.913
0,2.44731e+06,858.015
0,2.44828e+06,857.91
0,2.44848e+06,857.799
0,2.44863e+06,857.697
0,2.44875e+06,857.588
0,2.44886e+06,857.47
0,2.44897e+06,857.356
0,2.44907e+06,857.244
0,2.44917e+06,857.142
0,2.44926e+06,857.037
0,2.44935e+06,856.922
0,2.44946e+06,856.805
0,2.44956e+06,856.687
0,2.44967e+06,856.582
0,2.44976e+06,856.476
0,2.44988e+06,856.368
0,2.45e+06,856.266
0,2.45012e+06,856.164
0,2.45045e+06,855.935
0,2.45077e+06,855.731
0,2.45121e+06,855.524
0,2.45241e+06,855.307
0,2.45449e+06,855.514
0,2.45479e+06,855.727
0,2.45502e+06,855.957
0,2.4552e+06,856.183
0,2.4553e+06,856.288
0,2.45539e+06,856.406
0,2.45548e+06,856.52
0,2.45556e+06,856.622
0,2.45563e+06,856.724
0,2.45572e+06,856.839
0,2.4558e+06,856.944
0,2.45591e+06,857.059
0,2.456e+06,857.164
0,2.4561e+06,857.272
0,2.45621e+06,857.38
0,2.45635e+06,857.501
0,2.45648e+06,857.617
0,2.45665e+06,857.718
0,2.45684e+06,857.82
0,2.45705e+06,857.935
0,2.45728e+06,858.037
0,2.45749e+06,858.154
0,2.45764e+06,858.266
0,2.45775e+06,858.371
0,2.45786e+06,858.48
0,2.45796e+06,858.601
0,2.45806e+06,858.703
0,2.45816e+06,858.811
0,2.45828e+06,858.929
0,2.4584e+06,859.031
0,2.45862e+06,859.133
0,2.45911e+06,859.238
0,2.46007e+06,859.136
0,2.4606e+06,859.034
0,2.46252e+06,858.929
0,2.4642e+06,858.821
0,2.46841e+06,858.763
0,2.46882e+06,858.661
0,2.46906e+06,858.553
0,2.46931e+06,858.442
0,2.46957e+06,858.336
0,2.47067e+06,858.438
0,2.47114e+06,858.546
0,2.47188e+06,858.651
0,2.4729e+06,858.753
0,2.47416e+06,858.86
0,2.47545e+06,858.758
0,2.4774e+06,858.86
0,2.47794e+06,858.972
0,2.47922e+06,859.074
0,2.4799e+06,859.179
0,2.48384e+06,859.281
0,2.49244e+06,859.18
0,2.49434e+06,859.197
0,2.49617e+06,859.305
0,2.49706e+06,859.407
0,2.5005e+06,859.305
0,2.50149e+06,859.417
0,2.50198e+06,859.519
0,2.50337e+06,859.628
0,2.50478e+06,859.551
0,2.50532e+06,859.657
0,2.5057e+06,859.762
0,2.5061e+06,859.867
0,2.50675e+06,859.969
0,2.50924e+06,860.071
0,2.5104e+06,860.18
0,2.51148e+06,860.282
0,2.51242e+06,860.387
0,2.51474e+06,860.489
0,2.5164e+06,860.592
0,2.51695e+06,860.703
0,2.52049e+06,860.827
0,2.52081e+06,860.874
0,2.52252e+06,860.773
0,2.52532e+06,860.668
0,2.52608e+06,860.562
0,2.52665e+06,860.46
0,2.52729e+06,860.352
0,2.52814e+06,862.23
0,2.52816e+06,861.504
0,2.52817e+06,860.526
0,2.52819e+06,860.397
0,2.52824e+06,860.291
0,2.5288e+06,860.184
0,2.52991e+06,860.069
0,2.53211e+06,859.963
0,2.53397e+06,859.861
0,2.53464e+06,859.963
0,2.53805e+06,859.863
0,2.53897e+06,859.758
0,2.54188e+06,859.865
0,2.54225e+06,859.968
0,2.54268e+06,860.07
0,2.54359e+06,860.172
0,2.54574e+06,860.274
0,2.5476e+06,860.172
0,2.54804e+06,860.07
0,2.54872e+06,859.969
0,2.55369e+06,860.071
0,2.5544e+06,860.176
0,2.55548e+06,860.278
0,2.55934e+06,860.386
0,2.56068e+06,860.489
0,2.56178e+06,860.593
0,2.56284e+06,860.696
0,2.56409e+06,860.797
0,2.56563e+06,860.904
0,2.5675e+06,861.005
0,2.57051e+06,861.107
0,2.57168e+06,860.992
0,2.572e+06,860.887
0,2.57235e+06,860.782
0,2.57282e+06,860.677
0,2.57401e+06,860.572
0,2.57589e+06,860.688
0,2.57621e+06,860.789
0,2.57651e+06,860.891
0,2.57691e+06,860.994
0,2.57699e+06,861.013
0,2.57839e+06,860.906
0,2.58286e+06,861.014
0,2.58328e+06,861.116
0,2.5837e+06,861.225
0,2.58409e+06,861.33
0,2.58444e+06,861.432
0,2.58473e+06,861.546
0,2.58499e+06,861.649
0,2.58522e+06,861.754
0,2.58556e+06,861.856
0,2.5893e+06,861.956
0,2.59049e+06,862.059
0,2.59176e+06,862.167
0,2.59333e+06,862.062
0,2.5941e+06,861.96
0,2.59493e+06,861.852
0,2.59546e+06,861.75
0,2.59592e+06,861.648
0,2.59633e+06,861.54
0,2.59674e+06,861.438
0,2.59728e+06,861.332
0,2.59781e+06,861.23
0,2.59834e+06,861.128
0,2.59909e+06,861.026
0,2.60135e+06,860.921
0,2.60232e+06,860.819
0,2.6031e+06,860.717
0,2.60384e+06,860.612
0,2.60476e+06,860.51
0,2.60705e+06,860.618
0,2.60711e+06,860.73
0,2.60999e+06,860.629
0,2.61072e+06,860.527
0,2.61432e+06,860.629
0,2.61777e+06,860.521
0,2.62069e+06,860.419
0,2.6211e+06,860.317
0,2.62162e+06,860.215
0,2.624e+06,860.321
0,2.62473e+06,860.422
0,2.6251e+06,860.524
0,2.62542e+06,860.635
0,2.62568e+06,860.737
0,2.62598e+06,860.839
0,2.62637e+06,860.948
0,2.62778e+06,860.844
0,2.62838e+06,860.743
0,2.63289e+06,860.845
0,2.63339e+06,860.947
0,2.63374e+06,861.049
0,2.63416e+06,861.158
0,2.63426e+06,861.261
0,2.63481e+06,861.364
0,2.63524e+06,861.466
0,2.63568e+06,861.572
0,2.63643e+06,861.674
0,2.63845e+06,861.778
0,2.64078e+06,861.879
0,2.64213e+06,861.985
0,2.6422e+06,861.972
0,2.64327e+06,862.074
0,2.64335e+06,862.192
0,2.64738e+06,862.293
0,2.64838e+06,862.191
0,2.649e+06,862.086
0,2.65013e+06,861.984
0,2.65094e+06,861.878
0,2.652e+06,861.776
0,2.65307e+06,861.674
0,2.65388e+06,861.569
0,2.65462e+06,861.492
0,2.65554e+06,861.39
0,2.65706e+06,861.288
0,2.65911e+06,861.395
0,2.66022e+06,861.295
0,2.66049e+06,861.193
0,2.66071e+06,861.091
0,2.66089e+06,860.989
0,2.66107e+06,860.887
0,2.66124e+06,860.784
0,2.66147e+06,860.669
0,2.6617e+06,860.561
0,2.66194e+06,860.456
0,2.66214e+06,860.347
0,2.66237e+06,860.242
0,2.66254e+06,860.136
0,2.6627e+06,860.028
0,2.66284e+06,859.926
0,2.66301e+06,859.815
0,2.66316e+06,859.71
0,2.66334e+06,859.604
0,2.66353e+06,859.499
0,2.66377e+06,859.391
0,2.66487e+06,859.491
0,2.66507e+06,859.567
0,2.6653e+06,859.672
0,2.66556e+06,859.783
0,2.66577e+06,859.886
0,2.66603e+06,859.991
0,2.6663e+06,860.096
0,2.66661e+06,860.211
0,2.66693e+06,860.323
0,2.66726e+06,860.424
0,2.66757e+06,860.555
0,2.66796e+06,860.658
0,2.66858e+06,860.765
0,2.6699e+06,860.867
0,2.67173e+06,860.842
0,2.67277e+06,860.944
0,2.67313e+06,861.049
0,2.6735e+06,861.152
0,2.67374e+06,861.257
0,2.674e+06,861.362
0,2.67426e+06,861.471
0,2.67461e+06,861.572
0,2.67499e+06,861.675
0,2.6765e+06,861.573
0,2.67697e+06,861.471
0,2.67761e+06,861.362
0,2.67821e+06,861.257
